transaction_id,customer_id,merchant_id,device_id,ip_id,timestamp,amount,location,account_age_days,device_age_days,transactions_last_10min,failed_attempts,location_change,amount_deviation,behavior_risk_count,is_fraud,fraud_probability,anomaly_score,model_decision,device_customer_count,ip_customer_count,device_transaction_count,ip_transaction_count,shared_device,shared_ip,entity_risk_count,graph_risk_score,fraud_signal,anomaly_signal,raw_risk_score,expected_fraud_loss,false_positive_cost,approve_cost,verify_cost,review_cost,recommended_action,minimum_expected_cost,decision_is_intervention,actual_fraud,financial_exposure_score,risk_score,risk_explanation,final_action,final_intervention
TX_0009808,CUST_02788,MER_0263,DEV_02998,IP_04275,2026-06-09 02:22:00,5000.0,Kochi,807,11,11,5,1,7.251,5,1,1.0,100.0,REVIEW,0.0,2.0,0.0,7.0,0,1,1,26.5,100.0,100.0,100.0,5000.0,50.0,5000.0,1024.9999999999998,325.0000000000002,REVIEW,325.0000000000002,1,1,100.0,100.0,high fraud probability; highly unusual behavioral pattern; transaction amount is significantly above normal customer behavior; elevated transaction velocity; multiple recent failed attempts; newly observed device; unusual transaction location,REVIEW,1
TX_0013395,CUST_03249,MER_0004,DEV_02178,IP_00299,2026-06-09 10:29:00,5241.69,Ahmedabad,599,10,8,3,1,7.492,5,1,1.0,100.0,REVIEW,0.0,1.0,0.0,7.0,0,0,0,18.5,100.0,100.0,100.0,5241.69,52.4169,5241.69,1073.3379999999997,337.0845000000002,REVIEW,337.0845000000002,1,1,100.0,100.0,high fraud probability; highly unusual behavioral pattern; transaction amount is significantly above normal customer behavior; elevated transaction velocity; multiple recent failed attempts; newly observed device; unusual transaction location,REVIEW,1
TX_0004599,CUST_01638,MER_0142,DEV_02742,IP_00590,2026-06-06 01:08:00,22258.43,Pune,393,8,11,5,1,11.622,5,1,1.0,100.0,REVIEW,0.0,1.0,0.0,4.0,0,0,0,14.0,100.0,100.0,100.0,22258.43,222.5843,22258.43,4476.685999999999,1187.921500000001,REVIEW,1187.921500000001,1,1,100.0,100.0,high fraud probability; highly unusual behavioral pattern; transaction amount is significantly above normal customer behavior; elevated transaction velocity; multiple recent failed attempts; newly observed device; unusual transaction location,REVIEW,1
TX_0003514,CUST_00898,MER_0260,DEV_03852,IP_05565,2026-06-03 19:47:00,8396.61,Chennai,888,7,10,6,1,9.924,5,1,1.0,100.0,REVIEW,0.0,1.0,0.0,5.0,0,0,0,15.5,100.0,100.0,100.0,8396.61,83.96610000000001,8396.61,1704.3219999999997,494.8305000000004,REVIEW,494.8305000000004,1,1,100.0,100.0,high fraud probability; highly unusual behavioral pattern; transaction amount is significantly above normal customer behavior; elevated transaction velocity; multiple recent failed attempts; newly observed device; unusual transaction location,REVIEW,1
TX_0000280,CUST_02555,MER_0063,DEV_02013,IP_04925,2026-06-16 02:13:00,8834.49,Pune,458,3,6,4,1,8.809,5,1,1.0,100.0,REVIEW,1.0,2.0,1.0,9.0,0,1,1,39.0,100.0,100.0,100.0,8834.49,88.3449,8834.49,1791.8979999999995,516.7245000000004,REVIEW,516.7245000000004,1,1,100.0,100.0,high fraud probability; highly unusual behavioral pattern; transaction amount is significantly above normal customer behavior; elevated transaction velocity; multiple recent failed attempts; newly observed device; unusual transaction location,REVIEW,1
TX_0001156,CUST_03390,MER_0173,DEV_04535,IP_02012,2026-06-04 08:05:00,26255.21,Kochi,510,6,6,3,1,10.18,5,1,1.0,100.0,REVIEW,1.0,1.0,7.0,4.0,0,0,0,32.5,100.0,100.0,100.0,26255.21,262.5521,26255.21,5276.041999999999,1387.7605000000012,REVIEW,1387.7605000000012,1,1,100.0,100.0,high fraud probability; highly unusual behavioral pattern; transaction amount is significantly above normal customer behavior; elevated transaction velocity; multiple recent failed attempts; newly observed device; unusual transaction location,REVIEW,1
TX_0000149,CUST_00173,MER_0284,DEV_03203,IP_05158,2026-05-29 15:13:00,7157.41,Pune,914,2,7,6,1,7.171,5,1,1.0,100.0,REVIEW,1.0,1.0,2.0,3.0,0,0,0,23.5,100.0,100.0,100.0,7157.41,71.5741,7157.41,1456.4819999999997,432.87050000000033,REVIEW,432.87050000000033,1,1,100.0,100.0,high fraud probability; highly unusual behavioral pattern; transaction amount is significantly above normal customer behavior; elevated transaction velocity; multiple recent failed attempts; newly observed device; unusual transaction location,REVIEW,1
TX_0012444,CUST_00745,MER_0237,DEV_02713,IP_03243,2026-06-24 09:36:00,5000.0,Pune,595,10,7,6,1,6.531,5,1,1.0,100.0,REVIEW,1.0,1.0,3.0,4.0,0,0,0,26.5,100.0,100.0,100.0,5000.0,50.0,5000.0,1024.9999999999998,325.0000000000002,REVIEW,325.0000000000002,1,1,100.0,100.0,high fraud probability; highly unusual behavioral pattern; transaction amount is significantly above normal customer behavior; elevated transaction velocity; multiple recent failed attempts; newly observed device; unusual transaction location,REVIEW,1
TX_0015671,CUST_02011,MER_0013,DEV_03390,IP_04257,2026-06-24 06:39:00,14088.84,Delhi,1246,4,10,5,1,8.938,5,1,1.0,100.0,REVIEW,3.0,3.0,13.0,9.0,1,1,3,81.0,100.0,100.0,100.0,14088.84,140.88840000000002,14088.84,2842.7679999999996,779.4420000000007,REVIEW,779.4420000000007,1,1,100.0,100.0,high fraud probability; highly unusual behavioral pattern; transaction amount is significantly above normal customer behavior; elevated transaction velocity; multiple recent failed attempts; newly observed device; unusual transaction location,REVIEW,1
TX_0019584,CUST_03038,MER_0061,DEV_04114,IP_02758,2026-05-29 11:05:00,5000.0,Ahmedabad,320,12,7,6,1,8.453,5,1,1.0,100.0,REVIEW,4.0,1.0,20.0,2.0,1,0,2,61.0,100.0,100.0,100.0,5000.0,50.0,5000.0,1024.9999999999998,325.0000000000002,REVIEW,325.0000000000002,1,1,100.0,100.0,high fraud probability; highly unusual behavioral pattern; transaction amount is significantly above normal customer behavior; elevated transaction velocity; multiple recent failed attempts; newly observed device; unusual transaction location,REVIEW,1
TX_0015540,CUST_02752,MER_0108,DEV_01545,IP_00383,2026-06-24 21:14:00,16040.87,Kolkata,413,2,7,4,1,9.414,5,1,1.0,100.0,REVIEW,0.0,3.0,0.0,21.0,0,1,2,44.0,100.0,100.0,100.0,16040.87,160.4087,16040.87,3233.1739999999995,877.0435000000008,REVIEW,877.0435000000008,1,1,100.0,100.0,high fraud probability; highly unusual behavioral pattern; transaction amount is significantly above normal customer behavior; elevated transaction velocity; multiple recent failed attempts; newly observed device; unusual transaction location,REVIEW,1
TX_0007242,CUST_01394,MER_0032,DEV_04284,IP_00132,2026-05-28 03:53:00,29637.22,Ahmedabad,1076,2,9,4,1,11.839,5,1,1.0,100.0,REVIEW,0.0,1.0,0.0,2.0,0,0,0,11.0,100.0,100.0,100.0,29637.22,296.3722,29637.22,5952.443999999999,1556.8610000000015,REVIEW,1556.8610000000015,1,1,100.0,100.0,high fraud probability; highly unusual behavioral pattern; transaction amount is significantly above normal customer behavior; elevated transaction velocity; multiple recent failed attempts; newly observed device; unusual transaction location,REVIEW,1
TX_0007986,CUST_01705,MER_0245,DEV_00911,IP_04430,2026-05-27 22:12:00,15595.7,Mumbai,475,12,11,5,1,9.306,5,1,1.0,100.0,REVIEW,0.0,2.0,0.0,3.0,0,1,1,20.5,100.0,100.0,100.0,15595.7,155.95700000000002,15595.7,3144.1399999999994,854.7850000000008,REVIEW,854.7850000000008,1,1,100.0,100.0,high fraud probability; highly unusual behavioral pattern; transaction amount is significantly above normal customer behavior; elevated transaction velocity; multiple recent failed attempts; newly observed device; unusual transaction location,REVIEW,1
TX_0006901,CUST_00334,MER_0064,DEV_01742,IP_02085,2026-06-24 21:09:00,7460.22,Pune,1014,9,6,6,1,10.06,5,1,1.0,100.0,REVIEW,2.0,1.0,14.0,4.0,1,0,2,50.0,100.0,100.0,100.0,7460.22,74.60220000000001,7460.22,1517.0439999999996,448.01100000000037,REVIEW,448.01100000000037,1,1,100.0,100.0,high fraud probability; highly unusual behavioral pattern; transaction amount is significantly above normal customer behavior; elevated transaction velocity; multiple recent failed attempts; newly observed device; unusual transaction location,REVIEW,1
TX_0013920,CUST_01155,MER_0194,DEV_03532,IP_01667,2026-05-27 05:44:00,5258.98,Mumbai,353,3,9,6,1,4.948,5,1,1.0,100.0,REVIEW,1.0,3.0,4.0,13.0,0,1,2,57.5,100.0,100.0,100.0,5258.98,52.5898,5258.98,1076.7959999999996,337.94900000000024,REVIEW,337.94900000000024,1,1,100.0,100.0,high fraud probability; highly unusual behavioral pattern; transaction amount is significantly above normal customer behavior; elevated transaction velocity; multiple recent failed attempts; newly observed device; unusual transaction location,REVIEW,1
TX_0014181,CUST_01616,MER_0174,DEV_01070,IP_05039,2026-06-26 17:17:00,20022.86,Delhi,510,9,11,3,1,10.988,5,1,1.0,100.0,REVIEW,0.0,1.0,0.0,9.0,0,0,0,21.5,100.0,100.0,100.0,20022.86,200.2286,20022.86,4029.571999999999,1076.143000000001,REVIEW,1076.143000000001,1,1,100.0,100.0,high fraud probability; highly unusual behavioral pattern; transaction amount is significantly above normal customer behavior; elevated transaction velocity; multiple recent failed attempts; newly observed device; unusual transaction location,REVIEW,1
TX_0019937,CUST_02910,MER_0286,DEV_01690,IP_05752,2026-05-27 19:19:00,21079.26,Pune,1244,2,7,5,1,10.748,5,1,1.0,100.0,REVIEW,0.0,2.0,0.0,9.0,0,1,1,29.5,100.0,100.0,100.0,21079.26,210.7926,21079.26,4240.851999999999,1128.9630000000009,REVIEW,1128.9630000000009,1,1,100.0,100.0,high fraud probability; highly unusual behavioral pattern; transaction amount is significantly above normal customer behavior; elevated transaction velocity; multiple recent failed attempts; newly observed device; unusual transaction location,REVIEW,1
TX_0000003,CUST_02534,MER_0025,DEV_01111,IP_02167,2026-06-01 13:09:00,5899.35,Bengaluru,1075,9,11,5,1,6.416,5,1,1.0,100.0,REVIEW,1.0,1.0,2.0,5.0,0,0,0,26.5,100.0,100.0,100.0,5899.35,58.993500000000004,5899.35,1204.87,369.96750000000026,REVIEW,369.96750000000026,1,1,100.0,100.0,high fraud probability; highly unusual behavioral pattern; transaction amount is significantly above normal customer behavior; elevated transaction velocity; multiple recent failed attempts; newly observed device; unusual transaction location,REVIEW,1
TX_0001078,CUST_02196,MER_0198,DEV_01378,IP_01046,2026-06-17 18:26:00,6189.84,Kolkata,823,6,7,6,1,4.827,5,1,1.0,100.0,REVIEW,1.0,2.0,6.0,4.0,0,1,1,39.0,100.0,100.0,100.0,6189.84,61.8984,6189.84,1262.9679999999998,384.4920000000003,REVIEW,384.4920000000003,1,1,100.0,100.0,high fraud probability; highly unusual behavioral pattern; transaction amount is significantly above normal customer behavior; elevated transaction velocity; multiple recent failed attempts; newly observed device; unusual transaction location,REVIEW,1
TX_0017501,CUST_03196,MER_0020,DEV_01440,IP_01020,2026-06-08 19:52:00,15764.09,Kolkata,1553,10,9,4,1,10.244,5,1,0.9999691840850407,100.0,REVIEW,3.0,1.0,15.0,3.0,1,0,2,56.5,99.99691840850406,100.0,99.99784288595283,15763.604215143148,157.64090000000002,15763.604215143148,3177.720843028629,863.1802107571581,REVIEW,863.1802107571581,1,1,100.0,99.99845920425203,high fraud probability; highly unusual behavioral pattern; transaction amount is significantly above normal customer behavior; elevated transaction velocity; multiple recent failed attempts; newly observed device; unusual transaction location,REVIEW,1
TX_0010853,CUST_02725,MER_0213,DEV_04009,IP_00374,2026-06-05 11:02:00,16948.51,Pune,600,9,9,6,1,7.916,5,1,0.9999691840850407,100.0,REVIEW,1.0,3.0,6.0,10.0,0,1,2,56.0,99.99691840850406,100.0,99.99784288595283,16947.98771615715,169.4851,16947.98771615715,3414.597543231429,922.3993858078583,REVIEW,922.3993858078583,1,1,100.0,99.99845920425203,high fraud probability; highly unusual behavioral pattern; transaction amount is significantly above normal customer behavior; elevated transaction velocity; multiple recent failed attempts; newly observed device; unusual transaction location,REVIEW,1
TX_0011521,CUST_01772,MER_0201,DEV_03793,IP_01145,2026-06-15 21:36:00,7378.02,Delhi,1541,2,7,5,1,7.429,5,1,0.9999691840850407,100.0,REVIEW,0.0,1.0,0.0,7.0,0,0,0,18.5,99.99691840850406,100.0,99.99784288595283,7377.792639563112,73.78020000000001,7377.792639563112,1500.5585279126221,443.88963197815593,REVIEW,443.88963197815593,1,1,100.0,99.99845920425203,high fraud probability; highly unusual behavioral pattern; transaction amount is significantly above normal customer behavior; elevated transaction velocity; multiple recent failed attempts; newly observed device; unusual transaction location,REVIEW,1
TX_0004895,CUST_01272,MER_0056,DEV_03767,IP_00995,2026-06-03 07:22:00,5000.58,Ahmedabad,1151,7,11,3,1,4.415,5,1,0.9999668372133118,100.0,REVIEW,2.0,1.0,7.0,4.0,1,0,1,40.5,99.99668372133118,100.0,99.99767860493182,5000.414166832143,50.0058,5000.414166832143,1025.0828333664283,325.02070834160736,REVIEW,325.02070834160736,1,1,100.0,99.99834186066559,high fraud probability; highly unusual behavioral pattern; transaction amount is significantly above normal customer behavior; elevated transaction velocity; multiple recent failed attempts; newly observed device; unusual transaction location,REVIEW,1
TX_0006899,CUST_03286,MER_0283,DEV_00717,IP_03846,2026-06-24 14:35:00,9418.58,Jaipur,329,12,5,5,1,11.118,5,1,0.999960878382016,100.0,REVIEW,2.0,1.0,7.0,3.0,1,0,1,39.0,99.9960878382016,100.0,99.99726148674112,9418.211529911288,94.1858,9418.211529911288,1908.6423059822573,545.9105764955648,REVIEW,545.9105764955648,1,1,100.0,99.99804391910081,high fraud probability; highly unusual behavioral pattern; transaction amount is significantly above normal customer behavior; elevated transaction velocity; multiple recent failed attempts; newly observed device; unusual transaction location,REVIEW,1
TX_0007861,CUST_03771,MER_0268,DEV_02492,IP_05344,2026-06-23 19:31:00,10498.42,Chennai,449,4,5,4,1,10.293,5,1,0.999960878382016,100.0,REVIEW,0.0,1.0,0.0,6.0,0,0,0,17.0,99.9960878382016,100.0,99.99726148674112,10498.009284823323,104.9842,10498.009284823323,2124.6018569646644,599.9004642411667,REVIEW,599.9004642411667,1,1,100.0,99.99804391910081,high fraud probability; highly unusual behavioral pattern; transaction amount is significantly above normal customer behavior; elevated transaction velocity; multiple recent failed attempts; newly observed device; unusual transaction location,REVIEW,1
TX_0014553,CUST_01705,MER_0158,DEV_02011,IP_04430,2026-06-16 23:19:00,9784.2,Jaipur,475,6,11,5,1,5.838,5,1,0.9999464434872333,100.0,REVIEW,3.0,2.0,14.0,3.0,1,1,3,64.5,99.99464434872333,100.0,99.99625104410633,9783.67599236779,97.84200000000001,9783.67599236779,1981.7351984735574,564.1837996183899,REVIEW,564.1837996183899,1,1,100.0,99.99732217436167,high fraud probability; highly unusual behavioral pattern; transaction amount is significantly above normal customer behavior; elevated transaction velocity; multiple recent failed attempts; newly observed device; unusual transaction location,REVIEW,1
TX_0014538,CUST_02529,MER_0054,DEV_01749,IP_00561,2026-05-26 21:10:00,22596.4,Mumbai,319,1,11,6,1,8.029,5,1,0.9999464434872333,100.0,REVIEW,1.0,1.0,4.0,5.0,0,0,0,29.5,99.99464434872333,100.0,99.99625104410633,22595.18981561492,225.96400000000003,22595.18981561492,4544.037963122983,1204.759490780747,REVIEW,1204.759490780747,1,1,100.0,99.99732217436167,high fraud probability; highly unusual behavioral pattern; transaction amount is significantly above normal customer behavior; elevated transaction velocity; multiple recent failed attempts; newly observed device; unusual transaction location,REVIEW,1
TX_0006723,CUST_00400,MER_0113,DEV_01618,IP_00182,2026-06-09 17:04:00,6424.26,Kochi,929,1,10,5,1,8.096,5,1,0.9999464434872333,100.0,REVIEW,1.0,1.0,1.0,6.0,0,0,0,26.5,99.99464434872333,100.0,99.99625104410633,6423.915939037293,64.24260000000001,6423.915939037293,1309.7831878074585,396.19579695186496,REVIEW,396.19579695186496,1,1,100.0,99.99732217436167,high fraud probability; highly unusual behavioral pattern; transaction amount is significantly above normal customer behavior; elevated transaction velocity; multiple recent failed attempts; newly observed device; unusual transaction location,REVIEW,1
TX_0017377,CUST_01060,MER_0042,DEV_02165,IP_02426,2026-06-28 11:34:00,15219.16,Bengaluru,859,4,8,6,1,7.432,5,1,0.999938932723283,100.0,REVIEW,1.0,2.0,4.0,13.0,0,1,2,49.5,99.99389327232831,100.0,99.9957252906298,15218.23060734488,152.1916,15218.23060734488,3068.6461214689753,835.9115303672447,REVIEW,835.9115303672447,1,1,100.0,99.99694663616415,high fraud probability; highly unusual behavioral pattern; transaction amount is significantly above normal customer behavior; elevated transaction velocity; multiple recent failed attempts; newly observed device; unusual transaction location,REVIEW,1
TX_0012675,CUST_03831,MER_0058,DEV_04875,IP_04250,2026-06-21 17:31:00,13387.06,Kolkata,804,7,7,3,1,5.577,5,1,0.999938932723283,100.0,REVIEW,2.0,1.0,10.0,7.0,1,0,2,49.5,99.99389327232831,100.0,99.9957252906298,13386.242488702554,133.8706,13386.242488702554,2702.24849774051,744.3121244351282,REVIEW,744.3121244351282,1,1,100.0,99.99694663616415,high fraud probability; highly unusual behavioral pattern; transaction amount is significantly above normal customer behavior; elevated transaction velocity; multiple recent failed attempts; newly observed device; unusual transaction location,REVIEW,1
TX_0006660,CUST_02453,MER_0144,DEV_04127,IP_05562,2026-06-14 15:09:00,12413.66,Ahmedabad,898,8,8,5,1,4.282,5,1,0.999938932723283,100.0,REVIEW,0.0,3.0,0.0,14.0,0,1,2,44.0,99.99389327232831,100.0,99.9957252906298,12412.90193158971,124.1366,12412.90193158971,2507.5803863179412,695.645096579486,REVIEW,695.645096579486,1,1,100.0,99.99694663616415,high fraud probability; highly unusual behavioral pattern; transaction amount is significantly above normal customer behavior; elevated transaction velocity; multiple recent failed attempts; newly observed device; unusual transaction location,REVIEW,1
TX_0012193,CUST_00511,MER_0190,DEV_02346,IP_01293,2026-06-14 05:30:00,9568.2,Ahmedabad,898,11,4,6,1,9.931,5,1,0.999938932723283,100.0,REVIEW,0.0,2.0,0.0,7.0,0,1,1,26.5,99.99389327232831,100.0,99.9957252906298,9567.615696082918,95.68200000000002,9567.615696082918,1938.523139216583,553.3807848041463,REVIEW,553.3807848041463,1,1,100.0,99.99694663616415,high fraud probability; highly unusual behavioral pattern; transaction amount is significantly above normal customer behavior; elevated transaction velocity; multiple recent failed attempts; newly observed device; unusual transaction location,REVIEW,1
TX_0011273,CUST_01421,MER_0099,DEV_04427,IP_01787,2026-06-09 07:35:00,5000.0,Pune,1604,2,10,5,1,4.963,5,1,0.9999262007525836,100.0,REVIEW,0.0,2.0,0.0,11.0,0,1,2,32.5,99.99262007525836,100.0,99.99483405268084,4999.631003762918,50.0,4999.631003762918,1024.9262007525836,324.9815501881461,REVIEW,324.9815501881461,1,1,100.0,99.99631003762917,high fraud probability; highly unusual behavioral pattern; transaction amount is significantly above normal customer behavior; elevated transaction velocity; multiple recent failed attempts; newly observed device; unusual transaction location,REVIEW,1
TX_0000792,CUST_03449,MER_0257,DEV_00441,IP_05091,2026-05-28 06:29:00,6171.61,Kolkata,1235,4,10,6,1,4.529,5,1,0.9999211200760726,100.0,REVIEW,2.0,2.0,7.0,10.0,1,1,3,57.5,99.99211200760726,100.0,99.99447840532508,6171.12318387269,61.7161,6171.12318387269,1259.2246367745377,383.55615919363476,REVIEW,383.55615919363476,1,1,100.0,99.99605600380363,high fraud probability; highly unusual behavioral pattern; transaction amount is significantly above normal customer behavior; elevated transaction velocity; multiple recent failed attempts; newly observed device; unusual transaction location,REVIEW,1
TX_0004868,CUST_03723,MER_0064,DEV_04896,IP_04457,2026-06-16 15:28:00,6650.05,Pune,387,7,10,5,1,4.439,5,1,0.9999203054551363,100.0,REVIEW,1.0,1.0,3.0,1.0,0,0,0,22.0,99.99203054551363,100.0,99.99442138185954,6649.520027291929,66.5005,6649.520027291929,1354.9040054583857,407.47600136459675,REVIEW,407.47600136459675,1,1,100.0,99.99601527275681,high fraud probability; highly unusual behavioral pattern; transaction amount is significantly above normal customer behavior; elevated transaction velocity; multiple recent failed attempts; newly observed device; unusual transaction location,REVIEW,1
TX_0011583,CUST_03374,MER_0278,DEV_03882,IP_03463,2026-06-14 03:40:00,18005.1,Chennai,756,2,8,6,1,10.8,5,1,0.9999081168083236,100.0,REVIEW,1.0,2.0,1.0,9.0,0,1,1,39.0,99.99081168083237,100.0,99.99356817658266,18003.445633945546,180.051,18003.445633945546,3625.6891267891083,975.1722816972781,REVIEW,975.1722816972781,1,1,100.0,99.99540584041618,high fraud probability; highly unusual behavioral pattern; transaction amount is significantly above normal customer behavior; elevated transaction velocity; multiple recent failed attempts; newly observed device; unusual transaction location,REVIEW,1
TX_0002260,CUST_02984,MER_0058,DEV_02484,IP_01581,2026-06-03 04:29:00,19796.3,Ahmedabad,547,10,4,5,1,10.947,5,1,0.9998945807408363,100.0,REVIEW,0.0,2.0,0.0,10.0,0,1,2,31.0,99.98945807408363,100.0,99.99262065185853,19794.213088719815,197.963,19794.213088719815,3983.842617743962,1064.7106544359917,REVIEW,1064.7106544359917,1,1,100.0,99.99472903704182,high fraud probability; highly unusual behavioral pattern; transaction amount is significantly above normal customer behavior; elevated transaction velocity; multiple recent failed attempts; newly observed device; unusual transaction location,REVIEW,1
TX_0010815,CUST_00105,MER_0244,DEV_04539,IP_02286,2026-06-05 06:12:00,5000.0,Chennai,424,7,11,3,1,7.888,5,1,0.9998742920115842,100.0,REVIEW,0.0,2.0,0.0,13.0,0,1,2,35.5,99.98742920115842,100.0,99.99120044081089,4999.371460057921,50.0,4999.371460057921,1024.8742920115837,324.9685730028963,REVIEW,324.9685730028963,1,1,100.0,99.99371460057921,high fraud probability; highly unusual behavioral pattern; transaction amount is significantly above normal customer behavior; elevated transaction velocity; multiple recent failed attempts; newly observed device; unusual transaction location,REVIEW,1
TX_0001469,CUST_02991,MER_0156,DEV_04547,IP_00525,2026-06-11 04:02:00,27511.46,Hyderabad,407,7,5,3,1,8.225,5,1,0.9998742920115842,100.0,REVIEW,0.0,1.0,0.0,4.0,0,0,0,14.0,99.98742920115842,100.0,99.99120044081089,27508.001589705018,275.1146,27508.001589705018,5526.600317941003,1450.400079485252,REVIEW,1450.400079485252,1,1,100.0,99.99371460057921,high fraud probability; highly unusual behavioral pattern; transaction amount is significantly above normal customer behavior; elevated transaction velocity; multiple recent failed attempts; newly observed device; unusual transaction location,REVIEW,1
TX_0007297,CUST_03742,MER_0050,DEV_03686,IP_00542,2026-05-25 16:53:00,13992.45,Delhi,482,11,5,3,1,7.379,5,1,0.9998668419321077,100.0,REVIEW,0.0,1.0,0.0,9.0,0,0,0,21.5,99.98668419321078,100.0,99.99067893524754,13990.586792392922,139.92450000000002,13990.586792392922,2823.117358478584,774.5293396196467,REVIEW,774.5293396196467,1,1,100.0,99.99334209660539,high fraud probability; highly unusual behavioral pattern; transaction amount is significantly above normal customer behavior; elevated transaction velocity; multiple recent failed attempts; newly observed device; unusual transaction location,REVIEW,1
TX_0001260,CUST_02874,MER_0189,DEV_02127,IP_03411,2026-06-19 23:07:00,5000.0,Hyderabad,1544,6,5,4,1,9.375,5,1,0.9998335226218328,100.0,REVIEW,0.0,1.0,0.0,6.0,0,0,0,17.0,99.98335226218327,100.0,99.98834658352828,4999.1676131091635,50.0,4999.1676131091635,1024.8335226218323,324.9583806554584,REVIEW,324.9583806554584,1,1,100.0,99.99167613109164,high fraud probability; highly unusual behavioral pattern; transaction amount is significantly above normal customer behavior; elevated transaction velocity; multiple recent failed attempts; newly observed device; unusual transaction location,REVIEW,1
TX_0002221,CUST_03883,MER_0167,DEV_01203,IP_01948,2026-06-13 19:43:00,15703.54,Mumbai,907,12,5,5,1,9.214,5,1,0.9997819696946731,100.0,REVIEW,1.0,2.0,2.0,9.0,0,1,1,40.5,99.97819696946732,100.0,99.98473787862712,15700.116152379089,157.0354,15700.116152379089,3165.023230475817,860.0058076189551,REVIEW,860.0058076189551,1,1,100.0,99.98909848473366,high fraud probability; highly unusual behavioral pattern; transaction amount is significantly above normal customer behavior; elevated transaction velocity; multiple recent failed attempts; newly observed device; unusual transaction location,REVIEW,1
TX_0008347,CUST_00655,MER_0211,DEV_00530,IP_00896,2026-06-09 12:08:00,6030.04,Delhi,1217,13,10,4,1,6.892,5,1,0.9997802901612692,100.0,REVIEW,4.0,1.0,11.0,2.0,1,0,2,57.5,99.97802901612692,100.0,99.98462031128884,6028.71514088406,60.3004,6028.71514088406,1230.7430281768118,376.4357570442033,REVIEW,376.4357570442033,1,1,100.0,99.98901450806346,high fraud probability; highly unusual behavioral pattern; transaction amount is significantly above normal customer behavior; elevated transaction velocity; multiple recent failed attempts; newly observed device; unusual transaction location,REVIEW,1
TX_0011954,CUST_00863,MER_0194,DEV_04497,IP_03806,2026-06-23 06:29:00,15166.04,Pune,1526,5,7,3,1,11.755,5,1,0.9997668009576894,100.0,REVIEW,1.0,1.0,3.0,5.0,0,0,0,28.0,99.97668009576894,100.0,99.98367606703826,15162.503293996357,151.6604,15162.503293996357,3057.5006587992707,833.1251646998185,REVIEW,833.1251646998185,1,1,100.0,99.98834004788446,high fraud probability; highly unusual behavioral pattern; transaction amount is significantly above normal customer behavior; elevated transaction velocity; multiple recent failed attempts; newly observed device; unusual transaction location,REVIEW,1
TX_0013137,CUST_03088,MER_0161,DEV_00238,IP_03087,2026-06-06 20:34:00,11089.92,Chennai,583,13,8,6,1,10.023,5,1,0.999677417738651,100.0,REVIEW,1.0,2.0,4.0,9.0,0,1,1,43.5,99.9677417738651,100.0,99.97741924170556,11086.342588528221,110.89920000000001,11086.342588528221,2242.2685177056437,629.3171294264116,REVIEW,629.3171294264116,1,1,100.0,99.98387088693255,high fraud probability; highly unusual behavioral pattern; transaction amount is significantly above normal customer behavior; elevated transaction velocity; multiple recent failed attempts; newly observed device; unusual transaction location,REVIEW,1
TX_0013485,CUST_03213,MER_0209,DEV_01717,IP_01202,2026-06-11 08:43:00,23226.44,Kochi,224,8,9,4,1,10.249,5,1,0.9996258805251309,100.0,REVIEW,0.0,2.0,0.0,9.0,0,1,1,29.5,99.96258805251308,100.0,99.97381163675915,23217.75053646412,232.2644,23217.75053646412,4668.550107292823,1235.887526823207,REVIEW,1235.887526823207,1,1,100.0,99.98129402625653,high fraud probability; highly unusual behavioral pattern; transaction amount is significantly above normal customer behavior; elevated transaction velocity; multiple recent failed attempts; newly observed device; unusual transaction location,REVIEW,1
TX_0010324,CUST_01748,MER_0064,DEV_02672,IP_03032,2026-06-19 11:19:00,29573.37,Kochi,801,13,7,5,1,7.134,5,1,0.9995998083587968,100.0,REVIEW,1.0,2.0,8.0,8.0,0,1,1,48.0,99.95998083587968,100.0,99.97198658511577,29561.53498452379,295.7337,29561.53498452379,5937.3069969047565,1553.076749226191,REVIEW,1553.076749226191,1,1,100.0,99.97999041793983,high fraud probability; highly unusual behavioral pattern; transaction amount is significantly above normal customer behavior; elevated transaction velocity; multiple recent failed attempts; newly observed device; unusual transaction location,REVIEW,1
TX_0005537,CUST_02472,MER_0010,DEV_03002,IP_01159,2026-06-09 15:46:00,7252.69,Mumbai,1319,13,7,3,1,11.178,5,1,0.9995922975948465,100.0,REVIEW,0.0,1.0,0.0,3.0,0,0,0,12.5,99.95922975948464,100.0,99.97146083163925,7249.733060843167,72.5269,7249.733060843167,1474.946612168633,437.48665304215865,REVIEW,437.48665304215865,1,1,100.0,99.97961487974231,high fraud probability; highly unusual behavioral pattern; transaction amount is significantly above normal customer behavior; elevated transaction velocity; multiple recent failed attempts; newly observed device; unusual transaction location,REVIEW,1
TX_0009589,CUST_00022,MER_0245,DEV_04688,IP_05757,2026-06-17 18:41:00,50064.41,Hyderabad,862,5,4,5,1,10.764,5,1,0.9995746962511227,100.0,REVIEW,1.0,1.0,3.0,8.0,0,0,0,32.5,99.95746962511227,100.0,99.97022873757858,50043.11741874168,500.64410000000004,50043.11741874168,10033.623483748333,2577.155870937086,REVIEW,2577.155870937086,1,1,100.0,99.97873481255613,high fraud probability; highly unusual behavioral pattern; transaction amount is significantly above normal customer behavior; elevated transaction velocity; multiple recent failed attempts; newly observed device; unusual transaction location,REVIEW,1
TX_0001749,CUST_00910,MER_0051,DEV_03926,IP_03555,2026-06-08 10:19:00,5000.0,Chennai,796,8,4,6,1,7.664,5,1,0.9995322598416635,100.0,REVIEW,0.0,1.0,0.0,6.0,0,0,0,17.0,99.95322598416635,100.0,99.96725818891645,4997.661299208317,50.0,4997.661299208317,1024.5322598416633,324.88306496041605,REVIEW,324.88306496041605,1,1,100.0,99.97661299208318,high fraud probability; highly unusual behavioral pattern; transaction amount is significantly above normal customer behavior; elevated transaction velocity; multiple recent failed attempts; newly observed device; unusual transaction location,REVIEW,1
TX_0004454,CUST_00813,MER_0289,DEV_03514,IP_02925,2026-06-25 16:17:00,12794.84,Mumbai,288,13,8,3,1,10.049,5,1,0.9995057719088883,100.0,REVIEW,0.0,1.0,0.0,7.0,0,0,0,18.5,99.95057719088884,100.0,99.96540403362218,12788.516430650721,127.9484,12788.516430650721,2582.7032861301436,714.4258215325366,REVIEW,714.4258215325366,1,1,100.0,99.97528859544443,high fraud probability; highly unusual behavioral pattern; transaction amount is significantly above normal customer behavior; elevated transaction velocity; multiple recent failed attempts; newly observed device; unusual transaction location,REVIEW,1
TX_0007440,CUST_01554,MER_0165,DEV_04984,IP_02337,2026-05-26 08:43:00,8134.42,Pune,838,10,7,2,1,11.613,4,1,0.9994996450112749,100.0,REVIEW,0.0,3.0,0.0,12.0,0,1,2,42.0,99.94996450112748,100.0,99.96497515078923,8130.349902372614,81.3442,8130.349902372614,1651.0699804745225,481.5174951186311,REVIEW,481.5174951186311,1,1,100.0,99.97498225056374,high fraud probability; highly unusual behavioral pattern; transaction amount is significantly above normal customer behavior; elevated transaction velocity; newly observed device; unusual transaction location,REVIEW,1
TX_0005889,CUST_03739,MER_0033,DEV_03479,IP_04196,2026-06-29 06:04:00,32955.0,Chennai,1912,7,4,3,1,10.267,5,1,0.9993744556881944,100.0,REVIEW,1.0,1.0,1.0,5.0,0,0,0,25.0,99.93744556881944,100.0,99.9562118981736,32934.38518720445,329.55,32934.38518720445,6611.877037440888,1721.7192593602238,REVIEW,1721.7192593602238,1,1,100.0,99.96872278440972,high fraud probability; highly unusual behavioral pattern; transaction amount is significantly above normal customer behavior; elevated transaction velocity; multiple recent failed attempts; newly observed device; unusual transaction location,REVIEW,1
TX_0018498,CUST_00820,MER_0131,DEV_04737,IP_02738,2026-06-22 07:07:00,7771.83,Kochi,673,13,11,5,1,4.536,5,1,0.9993304949754211,100.0,REVIEW,0.0,3.0,0.0,14.0,0,1,2,44.0,99.93304949754211,100.0,99.95313464827947,7766.626720764827,77.7183,7766.626720764827,1578.325344152965,463.3313360382417,REVIEW,463.3313360382417,1,1,100.0,99.96652474877106,high fraud probability; highly unusual behavioral pattern; transaction amount is significantly above normal customer behavior; elevated transaction velocity; multiple recent failed attempts; newly observed device; unusual transaction location,REVIEW,1
TX_0015008,CUST_03360,MER_0199,DEV_00139,IP_02145,2026-06-20 00:58:00,9160.05,Mumbai,558,1,4,6,1,8.442,5,1,0.9991493508943362,100.0,REVIEW,0.0,1.0,0.0,5.0,0,0,0,15.5,99.91493508943363,100.0,99.94045456260353,9152.258011659664,91.6005,9152.258011659664,1855.4516023319322,532.6129005829836,REVIEW,532.6129005829836,1,1,100.0,99.95746754471682,high fraud probability; highly unusual behavioral pattern; transaction amount is significantly above normal customer behavior; elevated transaction velocity; multiple recent failed attempts; newly observed device; unusual transaction location,REVIEW,1
TX_0006898,CUST_03611,MER_0177,DEV_03223,IP_02823,2026-06-11 05:44:00,5000.0,Ahmedabad,326,13,4,6,1,4.938,5,1,0.9990387230968736,100.0,REVIEW,1.0,2.0,1.0,7.0,0,1,1,36.0,99.90387230968736,100.0,99.93271061678115,4995.193615484368,50.0,4995.193615484368,1024.0387230968734,324.7596807742186,REVIEW,324.7596807742186,1,1,100.0,99.95193615484368,high fraud probability; highly unusual behavioral pattern; transaction amount is significantly above normal customer behavior; elevated transaction velocity; multiple recent failed attempts; newly observed device; unusual transaction location,REVIEW,1
TX_0016169,CUST_00022,MER_0064,DEV_00290,IP_05757,2026-06-09 21:25:00,36019.27,Pune,862,12,10,2,1,7.744,4,1,0.9989118375052531,100.0,REVIEW,0.0,1.0,0.0,8.0,0,0,0,20.0,99.89118375052531,100.0,99.92382862536772,35980.075181297834,360.1927,35980.075181297834,7221.015036259565,1874.0037590648933,REVIEW,1874.0037590648933,1,1,100.0,99.94559187526266,high fraud probability; highly unusual behavioral pattern; transaction amount is significantly above normal customer behavior; elevated transaction velocity; newly observed device; unusual transaction location,REVIEW,1
TX_0004600,CUST_02482,MER_0204,DEV_04341,IP_00209,2026-06-16 16:52:00,11713.11,Kochi,738,11,11,2,1,9.124,4,1,0.9983853608221825,100.0,REVIEW,0.0,2.0,0.0,11.0,0,1,2,32.5,99.83853608221825,100.0,99.88697525755278,11694.197553699914,117.1311,11694.197553699914,2363.8395107399824,659.7098776849963,REVIEW,659.7098776849963,1,1,100.0,99.91926804110912,high fraud probability; highly unusual behavioral pattern; transaction amount is significantly above normal customer behavior; elevated transaction velocity; newly observed device; unusual transaction location,REVIEW,1
TX_0004954,CUST_03875,MER_0089,DEV_03112,IP_00084,2026-06-19 12:47:00,3040.87,Delhi,860,1,6,5,0,1.758,3,1,0.9988654754503706,99.82022771156535,REVIEW,0.0,2.0,0.0,9.0,0,1,1,29.5,99.88654754503706,99.82022771156535,99.86665159499555,3037.4200583327683,30.4087,3037.4200583327683,632.4840116665536,226.87100291663856,REVIEW,226.87100291663856,1,1,100.0,99.88934208598813,high fraud probability; highly unusual behavioral pattern; elevated transaction velocity; multiple recent failed attempts; newly observed device,REVIEW,1
TX_0019229,CUST_00766,MER_0067,DEV_03805,IP_02639,2026-06-18 09:06:00,8991.65,Ahmedabad,905,12,6,2,1,9.165,4,1,0.9977557780595405,100.0,REVIEW,0.0,2.0,0.0,12.0,0,1,2,34.0,99.77557780595406,100.0,99.84290446416783,8971.470741789068,89.9165,8971.470741789068,1819.2941483578131,523.5735370894538,REVIEW,523.5735370894538,1,1,100.0,99.88778890297704,high fraud probability; highly unusual behavioral pattern; transaction amount is significantly above normal customer behavior; elevated transaction velocity; newly observed device; unusual transaction location,REVIEW,1
TX_0002191,CUST_01066,MER_0140,DEV_02399,IP_01263,2026-06-28 06:07:00,13122.82,Chennai,410,12,9,2,1,9.735,4,1,0.996939033672902,100.0,REVIEW,1.0,4.0,4.0,9.0,0,1,1,57.5,99.6939033672902,100.0,99.78573235710314,13082.651489863432,131.2282,13082.651489863432,2641.5302979726857,729.1325744931722,REVIEW,729.1325744931722,1,1,100.0,99.8469516836451,high fraud probability; highly unusual behavioral pattern; transaction amount is significantly above normal customer behavior; elevated transaction velocity; newly observed device; unusual transaction location,REVIEW,1
TX_0016027,CUST_01200,MER_0242,DEV_00411,IP_05902,2026-06-13 02:17:00,5000.0,Pune,469,3,9,2,1,16.77,4,1,0.9962372332129114,100.0,REVIEW,0.0,2.0,0.0,10.0,0,1,2,31.0,99.62372332129114,100.0,99.73660632490379,4981.186166064556,50.0,4981.186166064556,1021.2372332129111,324.059308303228,REVIEW,324.059308303228,1,1,100.0,99.81186166064558,high fraud probability; highly unusual behavioral pattern; transaction amount is significantly above normal customer behavior; elevated transaction velocity; newly observed device; unusual transaction location,REVIEW,1
TX_0002603,CUST_01422,MER_0078,DEV_03146,IP_05932,2026-06-11 08:18:00,18236.95,Ahmedabad,1003,3,10,2,1,8.398,4,1,0.9956416150716516,100.0,REVIEW,1.0,3.0,4.0,10.0,0,1,2,53.0,99.56416150716517,100.0,99.69491305501562,18157.46635198096,182.36950000000002,18157.46635198096,3656.493270396191,982.8733175990487,REVIEW,982.8733175990487,1,1,100.0,99.78208075358259,high fraud probability; highly unusual behavioral pattern; transaction amount is significantly above normal customer behavior; elevated transaction velocity; newly observed device; unusual transaction location,REVIEW,1
TX_0017396,CUST_03517,MER_0208,DEV_00316,IP_04981,2026-06-17 08:30:00,2935.99,Ahmedabad,959,12,4,4,0,0.959,3,1,0.9971634448941796,99.42073373726613,REVIEW,0.0,1.0,0.0,1.0,0,0,0,9.5,99.71634448941796,99.42073373726613,99.62766126377241,2927.6619025748623,29.3599,2927.6619025748623,610.5323805149724,221.38309512874324,REVIEW,221.38309512874324,1,1,100.0,99.68439236588881,high fraud probability; highly unusual behavioral pattern; elevated transaction velocity; multiple recent failed attempts; newly observed device,REVIEW,1
TX_0013834,CUST_02565,MER_0145,DEV_04222,IP_00513,2026-06-16 09:51:00,1931.58,Bengaluru,568,7,6,5,0,1.198,3,1,0.9986730609222676,99.80025301285039,REVIEW,2.0,2.0,10.0,5.0,1,1,3,54.5,99.86730609222676,99.80025301285039,99.84719016841385,1929.0169110162335,19.3158,1929.0169110162335,410.8033822032466,171.45084555081178,REVIEW,171.45084555081178,1,1,99.02815800244562,99.67936055045762,high fraud probability; highly unusual behavioral pattern; elevated transaction velocity; multiple recent failed attempts; newly observed device,REVIEW,1
TX_0015786,CUST_01057,MER_0017,DEV_02505,IP_05356,2026-06-06 17:30:00,4256.45,Hyderabad,2951,11,6,5,0,1.679,3,1,0.9935279515410436,99.98002530128504,REVIEW,1.0,3.0,6.0,13.0,0,1,2,60.5,99.35279515410436,99.98002530128504,99.54096419825855,4228.902049336874,42.5645,4228.902049336874,870.7804098673747,286.4451024668439,REVIEW,286.4451024668439,1,1,100.0,99.67040516743769,high fraud probability; highly unusual behavioral pattern; elevated transaction velocity; multiple recent failed attempts; newly observed device,REVIEW,1
TX_0017539,CUST_03578,MER_0207,DEV_00307,IP_00398,2026-06-21 21:55:00,5000.0,Ahmedabad,721,3,11,2,1,6.455,4,1,0.9933038580578708,100.0,REVIEW,3.0,2.0,11.0,9.0,1,1,3,70.0,99.33038580578707,100.0,99.53127006405094,4966.519290289354,50.0,4966.519290289354,1018.3038580578706,323.32596451446796,REVIEW,323.32596451446796,1,1,100.0,99.66519290289354,high fraud probability; highly unusual behavioral pattern; transaction amount is significantly above normal customer behavior; elevated transaction velocity; newly observed device; unusual transaction location,REVIEW,1
TX_0003801,CUST_02363,MER_0234,DEV_03937,IP_01567,2026-06-22 14:10:00,5632.74,Kochi,951,2,7,2,1,5.871,4,1,0.9931332673005832,100.0,REVIEW,1.0,2.0,1.0,10.0,0,1,2,40.5,99.31332673005832,100.0,99.51932871104081,5594.061480054686,56.3274,5594.061480054686,1143.812296010937,354.7030740027346,REVIEW,354.7030740027346,1,1,100.0,99.65666336502916,high fraud probability; highly unusual behavioral pattern; transaction amount is significantly above normal customer behavior; elevated transaction velocity; newly observed device; unusual transaction location,REVIEW,1
TX_0001294,CUST_01460,MER_0223,DEV_01209,IP_01511,2026-05-27 08:20:00,6716.43,Kochi,674,10,10,2,1,5.498,4,1,0.9918706824514544,100.0,REVIEW,1.0,1.0,3.0,5.0,0,0,0,28.0,99.18706824514544,100.0,99.43094777160181,6661.830007737422,67.1643,6661.830007737422,1357.366001547484,408.0915003868714,REVIEW,408.0915003868714,1,1,100.0,99.59353412257272,high fraud probability; highly unusual behavioral pattern; transaction amount is significantly above normal customer behavior; elevated transaction velocity; newly observed device; unusual transaction location,REVIEW,1
TX_0017075,CUST_01227,MER_0164,DEV_03959,IP_00773,2026-06-09 02:04:00,2471.31,Bengaluru,563,524,13,3,0,1.28,2,1,0.9935574686732823,99.61382249151075,REVIEW,3.0,2.0,13.0,9.0,1,1,3,73.0,99.35574686732824,99.61382249151075,99.43316955458297,2455.388507906969,24.7131,2455.388507906969,516.0777015813937,197.76942539534855,REVIEW,197.76942539534855,1,1,100.0,99.56202018111733,high fraud probability; highly unusual behavioral pattern; elevated transaction velocity; multiple recent failed attempts,REVIEW,1
TX_0004798,CUST_02709,MER_0288,DEV_04633,IP_00023,2026-06-25 15:24:00,1951.39,Mumbai,1154,6,2,4,0,0.817,2,1,0.9968880929752043,99.01458153006192,REVIEW,2.0,0.0,6.0,0.0,1,0,1,25.0,99.68880929752044,99.01458153006192,99.48654096728288,1945.317455750884,19.513900000000003,1945.317455750884,414.0634911501767,172.26587278754428,REVIEW,172.26587278754428,1,1,99.8649639994747,99.52177190767372,high fraud probability; highly unusual behavioral pattern; multiple recent failed attempts; newly observed device,REVIEW,1
TX_0015138,CUST_00457,MER_0279,DEV_02168,IP_02857,2026-06-07 09:05:00,2454.3,Bengaluru,468,1,0,4,0,1.143,2,1,0.9937209698472973,99.43405020307611,REVIEW,1.0,3.0,4.0,13.0,0,1,2,57.5,99.37209698472972,99.43405020307611,99.39068295023364,2438.889376296222,24.543000000000003,2438.889376296222,512.7778752592443,196.94446881481122,REVIEW,196.94446881481122,1,1,100.0,99.5162635532877,high fraud probability; highly unusual behavioral pattern; multiple recent failed attempts; newly observed device,REVIEW,1
TX_0012064,CUST_03800,MER_0214,DEV_03458,IP_00475,2026-06-28 10:28:00,2277.8,Pune,718,4,2,3,0,1.152,2,1,0.9969504783396801,98.6217457886677,REVIEW,0.0,1.0,0.0,3.0,0,0,0,12.5,99.695047833968,98.6217457886677,99.37305722037792,2270.8537995621236,22.778000000000002,2270.8537995621236,479.1707599124246,188.5426899781063,REVIEW,188.5426899781063,1,1,100.0,99.43404765358432,high fraud probability; highly unusual behavioral pattern; multiple recent failed attempts; newly observed device,REVIEW,1
TX_0000243,CUST_00817,MER_0198,DEV_04945,IP_00498,2026-06-20 10:30:00,3681.81,Kolkata,881,22,4,7,0,0.998,2,1,0.9925265441642188,99.30754377788135,REVIEW,2.0,1.0,6.0,5.0,1,0,1,40.5,99.25265441642188,99.30754377788135,99.2691212248597,3654.2941555692623,36.8181,3654.2941555692623,755.8588311138523,257.7147077784633,REVIEW,257.7147077784633,1,1,100.0,99.41859034157534,high fraud probability; highly unusual behavioral pattern; elevated transaction velocity; multiple recent failed attempts,REVIEW,1
TX_0018097,CUST_00167,MER_0299,DEV_03629,IP_05695,2026-05-25 07:19:00,2565.8,Kochi,771,36,9,3,0,1.372,2,1,0.9902415096339267,99.68706305346561,REVIEW,1.0,1.0,4.0,4.0,0,0,0,28.0,99.02415096339267,99.68706305346561,99.22302459041455,2540.761665418729,25.658,2540.761665418729,533.1523330837457,202.03808327093657,REVIEW,202.03808327093657,1,1,100.0,99.41819439773602,high fraud probability; highly unusual behavioral pattern; elevated transaction velocity; multiple recent failed attempts,REVIEW,1
TX_0006727,CUST_03942,MER_0219,DEV_03460,IP_01921,2026-05-28 14:12:00,5000.0,Ahmedabad,1160,13,10,2,1,4.227,4,1,0.986857691106772,100.0,REVIEW,1.0,1.0,6.0,11.0,0,0,1,41.5,98.6857691106772,100.0,99.08003837747404,4934.28845553386,50.0,4934.28845553386,1011.8576911067717,321.7144227766932,REVIEW,321.7144227766932,1,1,100.0,99.3428845553386,high fraud probability; highly unusual behavioral pattern; transaction amount is significantly above normal customer behavior; elevated transaction velocity; newly observed device; unusual transaction location,REVIEW,1
TX_0014107,CUST_02769,MER_0245,DEV_04668,IP_05149,2026-05-31 12:18:00,3801.18,Kochi,1384,14,6,3,0,1.559,2,1,0.9849693828034947,99.81356947866037,REVIEW,2.0,1.0,3.0,5.0,1,0,1,36.0,98.49693828034947,99.81356947866037,98.89192763984273,3744.045918524988,38.0118,3744.045918524988,773.8091837049974,262.2022959262496,REVIEW,262.2022959262496,1,1,100.0,99.19253998377285,high fraud probability; highly unusual behavioral pattern; elevated transaction velocity; multiple recent failed attempts,REVIEW,1
TX_0004378,CUST_00010,MER_0023,DEV_01623,IP_05794,2026-06-12 16:26:00,2810.65,Bengaluru,583,6,2,4,0,1.673,2,1,0.988206835104601,99.18769558559158,REVIEW,3.0,2.0,14.0,6.0,1,1,3,69.0,98.8206835104601,99.18769558559158,98.93078713299954,2777.5035410867467,28.1065,2777.5035410867467,580.5007082173493,213.87517705433746,REVIEW,213.87517705433746,1,1,100.0,99.16665043090752,high fraud probability; highly unusual behavioral pattern; multiple recent failed attempts; newly observed device,REVIEW,1
TX_0006755,CUST_01221,MER_0234,DEV_02927,IP_03127,2026-06-21 11:24:00,7233.63,Delhi,738,12,4,2,1,6.647,4,1,0.9831122627374007,100.0,REVIEW,0.0,2.0,0.0,7.0,0,1,1,26.5,98.31122627374008,100.0,98.81785839161805,7111.470357105144,72.33630000000001,7111.470357105144,1447.2940714210285,430.57351785525753,REVIEW,430.57351785525753,1,1,100.0,99.15561313687004,high fraud probability; highly unusual behavioral pattern; transaction amount is significantly above normal customer behavior; elevated transaction velocity; newly observed device; unusual transaction location,REVIEW,1
TX_0011146,CUST_00307,MER_0087,DEV_01172,IP_03897,2026-06-06 04:26:00,5418.14,Delhi,1048,2,5,2,1,4.12,4,1,0.9813600245741507,99.98668353419002,REVIEW,1.0,3.0,10.0,10.0,0,1,3,62.0,98.13600245741507,99.98668353419002,98.69120678044756,5317.14600354619,54.181400000000004,5317.14600354619,1088.4292007092376,340.8573001773097,REVIEW,340.8573001773097,1,1,100.0,99.06400628896455,high fraud probability; highly unusual behavioral pattern; transaction amount is significantly above normal customer behavior; elevated transaction velocity; newly observed device; unusual transaction location,REVIEW,1
TX_0015041,CUST_03489,MER_0072,DEV_01945,IP_05643,2026-05-27 19:17:00,5000.0,Chennai,867,10,5,2,1,5.003,4,1,0.9807223674680311,100.0,REVIEW,2.0,1.0,9.0,5.0,1,0,1,45.0,98.07223674680311,100.0,98.65056572276218,4903.611837340155,50.0,4903.611837340155,1005.7223674680308,320.18059186700793,REVIEW,320.18059186700793,1,1,100.0,99.03611837340156,high fraud probability; highly unusual behavioral pattern; transaction amount is significantly above normal customer behavior; elevated transaction velocity; newly observed device; unusual transaction location,REVIEW,1
TX_0018880,CUST_02873,MER_0211,DEV_01875,IP_05019,2026-06-18 21:17:00,15903.66,Bengaluru,454,502,0,1,0,11.449,1,1,0.9872086321304178,98.68832811771756,REVIEW,1.0,2.0,4.0,8.0,0,1,1,42.0,98.72086321304178,98.68832811771756,98.71110268444451,15700.23043446724,159.0366,15700.23043446724,3165.046086893447,860.0115217233626,REVIEW,860.0115217233626,1,1,100.0,98.96693004183615,high fraud probability; highly unusual behavioral pattern; transaction amount is significantly above normal customer behavior,REVIEW,1
TX_0003272,CUST_00820,MER_0030,DEV_01867,IP_02738,2026-06-13 19:28:00,22888.9,Jaipur,673,996,0,1,0,13.36,1,1,0.9856111489080778,98.73493574805246,REVIEW,2.0,3.0,5.0,14.0,1,1,3,67.5,98.56111489080777,98.73493574805246,98.61326114798118,22559.555026242102,228.889,22559.555026242102,4536.911005248419,1202.9777513121062,REVIEW,1202.9777513121062,1,1,100.0,98.90103816981963,high fraud probability; highly unusual behavioral pattern; transaction amount is significantly above normal customer behavior,REVIEW,1
TX_0014667,CUST_02591,MER_0044,DEV_04761,IP_05261,2026-06-23 01:28:00,1865.65,Mumbai,659,1008,14,4,0,1.49,2,1,0.997294731828368,99.71369598508556,REVIEW,1.0,1.0,3.0,3.0,0,0,0,25.0,99.7294731828368,99.71369598508556,99.72474002351142,1860.6029164355948,18.6565,1860.6029164355948,397.1205832871189,168.03014582177983,REVIEW,168.03014582177983,1,1,95.51605200367507,98.88205578767909,high fraud probability; highly unusual behavioral pattern; elevated transaction velocity; multiple recent failed attempts,REVIEW,1
TX_0000579,CUST_03739,MER_0249,DEV_04250,IP_04196,2026-05-26 13:56:00,3898.37,Mumbai,1912,842,14,3,0,1.215,2,1,0.9764146252502426,99.80025301285039,REVIEW,2.0,1.0,9.0,5.0,1,0,1,45.0,97.64146252502425,99.80025301285039,98.28909967137209,3806.4254826367883,38.9837,3806.4254826367883,786.2850965273575,265.3212741318396,REVIEW,265.3212741318396,1,1,100.0,98.76080716636724,high fraud probability; highly unusual behavioral pattern; elevated transaction velocity; multiple recent failed attempts,REVIEW,1
TX_0016706,CUST_03751,MER_0057,DEV_04490,IP_01280,2026-06-24 16:43:00,19672.5,Ahmedabad,680,935,1,1,0,11.293,1,1,0.9854396843029171,97.78946667554432,REVIEW,3.0,1.0,10.0,4.0,1,0,2,53.0,98.54396843029171,97.78946667554432,98.31761790386749,19386.062189449134,196.725,19386.062189449134,3902.212437889826,1044.3031094724574,REVIEW,1044.3031094724574,1,1,100.0,98.60882421780914,high fraud probability; highly unusual behavioral pattern; transaction amount is significantly above normal customer behavior,REVIEW,1
TX_0014902,CUST_03533,MER_0019,DEV_01299,IP_03870,2026-06-03 15:07:00,5000.0,Mumbai,851,13,4,2,1,5.15,4,1,0.9718664626343297,99.99334176709502,REVIEW,4.0,4.0,10.0,22.0,1,1,4,95.0,97.18664626343298,99.99334176709502,98.02865491453159,4859.332313171649,50.0,4859.332313171649,996.8664626343295,317.96661565858267,REVIEW,317.96661565858267,1,1,100.0,98.59132566184499,high fraud probability; highly unusual behavioral pattern; transaction amount is significantly above normal customer behavior; elevated transaction velocity; newly observed device; unusual transaction location,REVIEW,1
TX_0000889,CUST_01860,MER_0196,DEV_02525,IP_01059,2026-06-24 03:16:00,1822.0,Chennai,1473,6,6,7,0,1.136,3,1,0.9989943378694879,99.82022771156535,REVIEW,1.0,1.0,3.0,4.0,0,0,0,26.5,99.89943378694879,99.82022771156535,99.87567196433375,1820.1676835982068,18.22,1820.1676835982068,389.0335367196413,166.00838417991042,REVIEW,166.00838417991042,1,1,93.44026583331068,98.58383837360614,high fraud probability; highly unusual behavioral pattern; elevated transaction velocity; multiple recent failed attempts; newly observed device,REVIEW,1
TX_0008436,CUST_01899,MER_0015,DEV_01015,IP_03041,2026-06-18 20:19:00,1865.73,Ahmedabad,1629,6,3,6,0,1.004,2,1,0.9936658116776759,99.493974299221,REVIEW,1.0,2.0,1.0,6.0,0,1,1,34.5,99.36658116776759,99.493974299221,99.40479910720362,1853.91211482139,18.6573,1853.91211482139,395.78242296427794,167.69560574106958,REVIEW,167.69560574106958,1,1,95.17257250609751,98.5659973748696,high fraud probability; highly unusual behavioral pattern; multiple recent failed attempts; newly observed device,REVIEW,1
TX_0004926,CUST_03797,MER_0084,DEV_03394,IP_04025,2026-06-18 21:48:00,23031.08,Chennai,610,253,2,1,1,11.399,2,1,0.9698493207252621,99.98002530128504,REVIEW,1.0,1.0,4.0,4.0,0,0,0,28.0,96.9849320725262,99.98002530128504,97.88346004115385,22336.67729356917,230.31080000000003,22336.67729356917,4492.335458713833,1191.8338646784596,REVIEW,1191.8338646784596,1,1,100.0,98.48647362664862,high fraud probability; highly unusual behavioral pattern; transaction amount is significantly above normal customer behavior; unusual transaction location,REVIEW,1
TX_0003473,CUST_03178,MER_0071,DEV_04229,IP_01747,2026-06-14 15:34:00,2145.15,Bengaluru,1089,11,3,5,0,0.812,2,1,0.9673107307451716,99.1344297223517,REVIEW,0.0,2.0,0.0,13.0,0,1,2,35.5,96.73107307451716,99.1344297223517,97.45208006886752,2075.0266140580047,21.451500000000003,2075.0266140580047,440.0053228116009,178.75133070290033,REVIEW,178.75133070290033,1,1,100.0,98.10586545396409,high fraud probability; highly unusual behavioral pattern; multiple recent failed attempts; newly observed device,REVIEW,1
TX_0007892,CUST_03412,MER_0011,DEV_03536,IP_00305,2026-05-29 08:11:00,1779.95,Mumbai,1239,29,6,7,0,0.856,2,1,0.9984076232577898,99.78027831413543,REVIEW,2.0,2.0,9.0,6.0,1,1,2,54.5,99.84076232577898,99.78027831413543,99.8226171222859,1777.115649017703,17.799500000000002,1777.115649017703,380.4231298035405,163.85578245088521,REVIEW,163.85578245088521,1,1,91.23014333079779,98.10049332328968,high fraud probability; highly unusual behavioral pattern; elevated transaction velocity; multiple recent failed attempts,REVIEW,1
TX_0012420,CUST_00740,MER_0269,DEV_01680,IP_04350,2026-06-02 01:40:00,1811.07,Delhi,2221,15,8,4,0,1.885,2,1,0.9923342002593643,99.96670883547506,REVIEW,0.0,1.0,0.0,6.0,0,0,0,17.0,99.23342002593643,99.96670883547506,99.45340666879801,1797.1867000637267,18.1107,1797.1867000637267,384.43734001274527,164.8593350031864,REVIEW,164.8593350031864,1,1,92.26051232492635,98.058825128596,high fraud probability; highly unusual behavioral pattern; elevated transaction velocity; multiple recent failed attempts,REVIEW,1
TX_0016653,CUST_01015,MER_0127,DEV_04930,IP_00120,2026-06-21 12:05:00,42608.22,Chennai,625,1141,0,0,0,13.986,1,1,0.9692354204579361,98.58845462414276,REVIEW,2.0,1.0,14.0,5.0,1,0,2,51.5,96.92354204579361,98.58845462414276,97.42301581929834,41297.396026664246,426.0822,41297.396026664246,8284.479205332847,2139.869801333214,REVIEW,2139.869801333214,1,1,100.0,98.03830741013962,high fraud probability; highly unusual behavioral pattern; transaction amount is significantly above normal customer behavior,REVIEW,1
TX_0003845,CUST_02005,MER_0032,DEV_04488,IP_05222,2026-05-27 05:51:00,7097.7,Kochi,814,712,0,0,1,4.129,2,1,0.9600023659717869,99.85351887609029,REVIEW,3.0,2.0,11.0,8.0,1,1,3,68.5,96.00023659717868,99.85351887609029,97.15622128085215,6813.8087929579515,70.977,6813.8087929579515,1387.76175859159,415.6904396478979,REVIEW,415.6904396478979,1,1,100.0,97.95617396141643,high fraud probability; highly unusual behavioral pattern; transaction amount is significantly above normal customer behavior; unusual transaction location,REVIEW,1
TX_0009091,CUST_01387,MER_0157,DEV_04505,IP_03036,2026-06-22 14:30:00,20643.23,Pune,766,833,0,0,0,9.402,1,1,0.973622026072235,97.54977029096477,REVIEW,2.0,2.0,5.0,3.0,1,1,2,44.0,97.36220260722351,97.54977029096477,97.41847291234588,20098.703417275145,206.4323,20098.703417275145,4044.740683455028,1079.9351708637582,REVIEW,1079.9351708637582,1,1,100.0,97.94603239090118,high fraud probability; highly unusual behavioral pattern; transaction amount is significantly above normal customer behavior,REVIEW,1
TX_0010485,CUST_01164,MER_0201,DEV_02152,IP_04641,2026-06-09 21:45:00,17859.07,Kochi,949,413,0,0,0,7.966,1,1,0.9720372110669269,97.6962514148745,REVIEW,1.0,1.0,3.0,4.0,0,0,0,26.5,97.20372110669268,97.6962514148745,97.35148019914722,17359.68059504902,178.5907,17359.68059504902,3496.9361190098034,942.9840297524518,REVIEW,942.9840297524518,1,1,100.0,97.91073597780868,high fraud probability; highly unusual behavioral pattern; transaction amount is significantly above normal customer behavior,REVIEW,1
TX_0015178,CUST_03426,MER_0208,DEV_02314,IP_00951,2026-05-25 03:04:00,1877.6,Jaipur,1266,6,3,3,0,1.954,2,1,0.9825353657253892,99.42073373726613,REVIEW,0.0,2.0,0.0,8.0,0,1,1,28.0,98.25353657253892,99.42073373726613,98.60369572195708,1844.8084026859908,18.776,1844.8084026859908,393.9616805371981,167.24042013429963,REVIEW,167.24042013429963,1,1,94.70522365155679,97.89403313776066,high fraud probability; highly unusual behavioral pattern; multiple recent failed attempts; newly observed device,REVIEW,1
TX_0011888,CUST_03441,MER_0045,DEV_04643,IP_05227,2026-06-11 09:35:00,2335.95,Ahmedabad,1524,433,6,3,0,1.028,2,1,0.959293258776532,99.76030361542047,REVIEW,2.0,1.0,11.0,6.0,1,0,2,49.5,95.9293258776532,99.76030361542047,97.07861919898338,2240.86108783904,23.359499999999997,2240.86108783904,473.1722175678079,187.0430543919521,REVIEW,187.0430543919521,1,1,100.0,97.89275402345274,high fraud probability; highly unusual behavioral pattern; elevated transaction velocity; multiple recent failed attempts,REVIEW,1
TX_0002620,CUST_01423,MER_0002,DEV_03883,IP_00661,2026-05-27 11:18:00,7828.07,Bengaluru,580,1111,2,0,1,4.155,2,1,0.9575524656114103,99.9001265064252,REVIEW,1.0,1.0,5.0,5.0,0,0,0,31.0,95.75524656114102,99.9001265064252,96.99871054472626,7495.787729478712,78.2807,7495.787729478712,1524.157545895742,449.78938647393596,REVIEW,449.78938647393596,1,1,100.0,97.84766123249807,high fraud probability; highly unusual behavioral pattern; transaction amount is significantly above normal customer behavior; unusual transaction location,REVIEW,1
TX_0019760,CUST_00259,MER_0009,DEV_03015,IP_02889,2026-06-01 11:35:00,26857.04,Bengaluru,227,330,1,1,0,8.462,1,1,0.9641658303678415,98.78820161129237,REVIEW,3.0,2.0,10.0,8.0,1,1,3,67.0,96.41658303678415,98.78820161129237,97.1280686091366,25894.640272822337,268.5704,25894.640272822337,5203.928054564466,1369.7320136411179,REVIEW,1369.7320136411179,1,1,100.0,97.84475200177978,high fraud probability; highly unusual behavioral pattern; transaction amount is significantly above normal customer behavior,REVIEW,1
TX_0000125,CUST_03133,MER_0278,DEV_03468,IP_03951,2026-06-05 05:54:00,19190.71,Bengaluru,1854,257,1,0,0,14.3,1,1,0.9613110680908725,98.8214927758173,REVIEW,2.0,1.0,9.0,4.0,1,0,1,43.5,96.13110680908726,98.8214927758173,96.93822259910627,18448.241927522187,191.90709999999999,18448.241927522187,3714.6483855044366,997.4120963761102,REVIEW,997.4120963761102,1,1,100.0,97.71200123728882,high fraud probability; highly unusual behavioral pattern; transaction amount is significantly above normal customer behavior,REVIEW,1
TX_0019388,CUST_03910,MER_0083,DEV_00841,IP_05575,2026-06-29 00:02:00,19806.23,Chennai,1699,465,1,0,0,11.217,1,1,0.9604247090519802,98.53518876090286,REVIEW,3.0,2.0,15.0,7.0,1,1,3,70.5,96.04247090519802,98.53518876090286,96.79028626190947,19022.3926851666,198.0623,19022.3926851666,3829.4785370333193,1026.1196342583307,REVIEW,1026.1196342583307,1,1,100.0,97.58179208086986,high fraud probability; highly unusual behavioral pattern; transaction amount is significantly above normal customer behavior,REVIEW,1
TX_0019468,CUST_00432,MER_0264,DEV_04790,IP_05347,2026-05-30 22:44:00,16862.23,Pune,511,1184,3,0,0,13.83,1,1,0.9554482947346485,99.11445502363672,REVIEW,1.0,1.0,4.0,4.0,0,0,0,28.0,95.54482947346486,99.11445502363672,96.61571713851642,16110.988898923431,168.6223,16110.988898923431,3247.1977797846857,880.5494449461722,REVIEW,880.5494449461722,1,1,100.0,97.50675124382344,high fraud probability; highly unusual behavioral pattern; transaction amount is significantly above normal customer behavior,REVIEW,1
TX_0002299,CUST_02226,MER_0055,DEV_04073,IP_01283,2026-06-18 08:18:00,19730.4,Ahmedabad,573,979,3,0,0,11.879,1,1,0.9609476459941548,98.10240362207871,REVIEW,1.0,1.0,4.0,4.0,0,0,0,28.0,96.09476459941548,98.10240362207871,96.69705630621445,18959.881434523075,197.30400000000003,18959.881434523075,3816.976286904614,1022.9940717261546,REVIEW,1022.9940717261546,1,1,100.0,97.47810338633136,high fraud probability; highly unusual behavioral pattern; transaction amount is significantly above normal customer behavior,REVIEW,1
TX_0015791,CUST_02028,MER_0040,DEV_01637,IP_05966,2026-06-10 10:16:00,7027.75,Delhi,984,770,1,1,1,3.537,2,1,0.9489303896183202,99.80025301285039,REVIEW,3.0,1.0,11.0,3.0,1,0,2,53.0,94.89303896183202,99.80025301285039,96.36520317713753,6668.84554564015,70.2775,6668.84554564015,1358.7691091280296,408.4422772820078,REVIEW,408.4422772820078,1,1,100.0,97.38659538477113,high fraud probability; highly unusual behavioral pattern; unusual transaction location,REVIEW,1
TX_0011065,CUST_02997,MER_0059,DEV_02149,IP_00950,2026-06-27 15:24:00,30668.26,Hyderabad,1166,576,2,2,0,13.794,1,1,0.9516213840204157,99.21432851721154,REVIEW,1.0,2.0,3.0,6.0,0,1,1,37.5,95.16213840204158,99.21432851721154,96.37779543659256,29184.572026697955,306.6826,29184.572026697955,5861.914405339589,1534.2286013348992,REVIEW,1534.2286013348992,1,1,100.0,97.34536775618425,high fraud probability; highly unusual behavioral pattern; transaction amount is significantly above normal customer behavior,REVIEW,1
TX_0011589,CUST_00541,MER_0018,DEV_04027,IP_02843,2026-06-11 20:41:00,11643.41,Pune,1794,1001,1,0,1,6.985,2,1,0.9416339844040258,99.98002530128504,REVIEW,1.0,1.0,3.0,3.0,0,0,0,25.0,94.16339844040257,99.98002530128504,95.90838649866731,10963.830550349678,116.4341,10963.830550349678,2217.766110069935,623.1915275174844,REVIEW,623.1915275174844,1,1,100.0,97.0757068105868,high fraud probability; highly unusual behavioral pattern; transaction amount is significantly above normal customer behavior; unusual transaction location,REVIEW,1
TX_0018309,CUST_02483,MER_0214,DEV_02523,IP_04351,2026-05-27 00:16:00,2306.55,Hyderabad,656,92,9,2,0,0.878,1,1,0.9540187970180619,97.80944137425928,REVIEW,1.0,1.0,5.0,5.0,0,0,0,31.0,95.4018797018062,97.80944137425928,96.12414820354212,2200.492056262011,23.065500000000004,2200.492056262011,465.09841125240206,185.02460281310064,REVIEW,185.02460281310064,1,1,100.0,97.04377226318088,high fraud probability; highly unusual behavioral pattern; elevated transaction velocity,REVIEW,1
TX_0013629,CUST_01988,MER_0142,DEV_00653,IP_04158,2026-06-02 00:53:00,29480.95,Hyderabad,1272,829,3,0,0,11.557,1,1,0.9498550341820171,98.2555429788934,REVIEW,1.0,3.0,6.0,17.0,0,1,2,61.0,94.98550341820172,98.2555429788934,95.96651528640922,28002.628769968338,294.8095,28002.628769968338,5625.5257539936665,1475.1314384984182,REVIEW,1475.1314384984182,1,1,100.0,96.96941460276888,high fraud probability; highly unusual behavioral pattern; transaction amount is significantly above normal customer behavior,REVIEW,1
TX_0002045,CUST_01064,MER_0288,DEV_04581,IP_03715,2026-05-30 23:50:00,13784.99,Chennai,513,351,1,1,0,8.243,1,1,0.9537986964040521,97.57640322258473,REVIEW,2.0,1.0,3.0,1.0,1,0,1,30.0,95.37986964040522,97.57640322258473,96.03882971505907,13148.105491942893,137.8499,13148.105491942893,2654.621098388578,732.4052745971453,REVIEW,732.4052745971453,1,1,100.0,96.96285578697803,high fraud probability; highly unusual behavioral pattern; transaction amount is significantly above normal customer behavior,REVIEW,1
TX_0013175,CUST_00656,MER_0209,DEV_04856,IP_03262,2026-05-24 13:29:00,6498.18,Kochi,672,264,1,0,1,3.987,2,1,0.9378214259930705,99.80025301285039,REVIEW,1.0,2.0,4.0,12.0,0,1,2,48.0,93.78214259930705,99.80025301285039,95.58757572337005,6094.132433959651,64.9818,6094.132433959651,1243.82648679193,379.7066216979828,REVIEW,379.7066216979828,1,1,100.0,96.83114720350864,high fraud probability; highly unusual behavioral pattern; unusual transaction location,REVIEW,1
TX_0013567,CUST_02444,MER_0165,DEV_00611,IP_02163,2026-06-20 17:21:00,1685.29,Hyderabad,1838,970,14,4,0,1.258,2,1,0.9933114242789736,99.82022771156535,REVIEW,1.0,1.0,6.0,6.0,0,0,0,34.0,99.33114242789736,99.82022771156535,99.47786801299776,1674.0178102231114,16.852899999999998,1674.0178102231114,359.8035620446222,158.70089051115565,REVIEW,158.70089051115565,1,1,85.93750488291454,96.79914050400119,high fraud probability; highly unusual behavioral pattern; elevated transaction velocity; multiple recent failed attempts,REVIEW,1
TX_0006607,CUST_02483,MER_0171,DEV_02523,IP_04351,2026-06-05 05:11:00,2459.64,Hyderabad,656,1005,12,2,0,0.937,1,1,0.9503093259408646,97.43658033158,REVIEW,1.0,1.0,5.0,5.0,0,0,0,31.0,95.03093259408647,97.43658033158,95.75262691533452,2337.418830457188,24.5964,2337.418830457188,492.48376609143753,191.8709415228595,REVIEW,191.8709415228595,1,1,100.0,96.74644039651723,high fraud probability; highly unusual behavioral pattern; elevated transaction velocity,REVIEW,1
TX_0019600,CUST_02181,MER_0124,DEV_02282,IP_01946,2026-06-11 04:52:00,17883.14,Chennai,1730,525,2,0,0,11.411,1,1,0.941607959198275,98.78820161129237,REVIEW,2.0,2.0,4.0,6.0,1,1,2,47.0,94.1607959198275,98.78820161129237,95.54901762726696,16838.90695945704,178.8314,16838.90695945704,3392.781391891407,916.9453479728527,REVIEW,916.9453479728527,1,1,100.0,96.71685844330146,high fraud probability; highly unusual behavioral pattern; transaction amount is significantly above normal customer behavior,REVIEW,1
TX_0019998,CUST_01100,MER_0144,DEV_01341,IP_04036,2026-06-12 21:20:00,5099.46,Hyderabad,682,731,2,0,1,6.862,2,1,0.9331567111319858,99.96670883547506,REVIEW,2.0,1.0,6.0,3.0,1,0,1,37.5,93.31567111319859,99.96670883547506,95.31098242988152,4758.595322149116,50.9946,4758.595322149116,976.7190644298231,312.92976610745603,REVIEW,312.92976610745603,1,1,100.0,96.64784820724181,high fraud probability; highly unusual behavioral pattern; transaction amount is significantly above normal customer behavior; unusual transaction location,REVIEW,1
TX_0017896,CUST_03977,MER_0091,DEV_03572,IP_04336,2026-06-17 21:21:00,11089.08,Jaipur,1106,620,3,1,0,14.919,1,1,0.9410835278910276,98.47526466475797,REVIEW,1.0,1.0,7.0,7.0,0,0,0,37.0,94.10835278910275,98.47526466475797,95.41842635179933,10435.750527465836,110.8908,10435.750527465836,2112.150105493167,596.7875263732923,REVIEW,596.7875263732923,1,1,100.0,96.59675579397876,high fraud probability; highly unusual behavioral pattern; transaction amount is significantly above normal customer behavior,REVIEW,1
TX_0011408,CUST_00422,MER_0098,DEV_02156,IP_03807,2026-06-18 05:24:00,7698.15,Mumbai,924,1114,2,0,0,9.841,1,1,0.9432273063815093,98.05579599174379,REVIEW,4.0,1.0,11.0,5.0,1,0,2,62.0,94.32273063815093,98.05579599174379,95.44265024422879,7261.105288620815,76.9815,7261.105288620815,1477.2210577241628,438.0552644310411,REVIEW,438.0552644310411,1,1,100.0,96.57810411659861,high fraud probability; highly unusual behavioral pattern; transaction amount is significantly above normal customer behavior,REVIEW,1
TX_0011903,CUST_01857,MER_0075,DEV_04001,IP_04455,2026-06-23 13:19:00,20633.82,Ahmedabad,256,325,0,2,0,8.384,1,1,0.9333441661899203,99.61382249151075,REVIEW,2.0,3.0,6.0,15.0,1,1,3,69.0,93.33441661899204,99.61382249151075,95.21823838074764,19258.455523212902,206.3382,19258.455523212902,3876.69110464258,1037.922776160646,REVIEW,1037.922776160646,1,1,100.0,96.55135505694923,high fraud probability; highly unusual behavioral pattern; transaction amount is significantly above normal customer behavior,REVIEW,1
TX_0008204,CUST_01997,MER_0230,DEV_00848,IP_04992,2026-05-25 11:14:00,14326.58,Kochi,1035,233,0,0,0,7.684,1,0,0.9420074901726468,98.12903655369864,REVIEW,1.0,3.0,3.0,11.0,0,1,2,53.0,94.20074901726468,98.12903655369864,95.37923527819487,13495.745668557638,143.2658,13495.745668557638,2724.149133711527,749.7872834278825,REVIEW,749.7872834278825,1,0,100.0,96.53908547474194,high fraud probability; highly unusual behavioral pattern; transaction amount is significantly above normal customer behavior,REVIEW,1
TX_0015280,CUST_02085,MER_0275,DEV_03120,IP_01090,2026-06-18 14:17:00,9221.6,Kochi,1101,328,0,1,0,9.185,1,0,0.9374137586697784,98.7748851454824,REVIEW,2.0,1.0,8.0,5.0,1,0,1,43.5,93.74137586697783,98.7748851454824,95.25142865052919,8644.454716949229,92.21600000000001,8644.454716949229,1753.8909433898455,507.2227358474618,REVIEW,507.2227358474618,1,0,100.0,96.50315347713364,high fraud probability; highly unusual behavioral pattern; transaction amount is significantly above normal customer behavior,REVIEW,1
TX_0006382,CUST_03380,MER_0147,DEV_04875,IP_00169,2026-06-13 05:13:00,9536.2,Ahmedabad,673,1155,2,0,0,12.848,1,1,0.9383825038510476,98.50189759637792,REVIEW,2.0,1.0,10.0,6.0,1,0,2,48.0,93.83825038510476,98.50189759637792,95.2373445484867,8948.603233224361,95.36200000000001,8948.603233224361,1814.7206466448717,522.4301616612184,REVIEW,522.4301616612184,1,1,100.0,96.46969447146574,high fraud probability; highly unusual behavioral pattern; transaction amount is significantly above normal customer behavior,REVIEW,1
TX_0007225,CUST_00814,MER_0285,DEV_00215,IP_03331,2026-06-29 16:33:00,5476.54,Ahmedabad,1004,455,2,1,1,3.227,2,1,0.9274547756530143,99.80025301285039,REVIEW,1.0,2.0,1.0,5.0,0,1,1,33.0,92.74547756530143,99.80025301285039,94.86191019956611,5079.243177054759,54.7654,5079.243177054759,1040.8486354109516,328.9621588527382,REVIEW,328.9621588527382,1,1,100.0,96.31281468650583,high fraud probability; highly unusual behavioral pattern; unusual transaction location,REVIEW,1
TX_0016060,CUST_03798,MER_0101,DEV_02230,IP_04812,2026-06-20 02:01:00,12842.12,Hyderabad,582,309,0,1,0,9.484,1,0,0.9335523940936588,98.6217457886677,REVIEW,1.0,2.0,2.0,5.0,0,1,1,34.5,93.35523940936588,98.6217457886677,94.93519132315643,11988.791871238058,128.4212,11988.791871238058,2422.758374247611,674.4395935619034,REVIEW,674.4395935619034,1,0,100.0,96.26414344128324,high fraud probability; highly unusual behavioral pattern; transaction amount is significantly above normal customer behavior,REVIEW,1
TX_0005968,CUST_01700,MER_0157,DEV_02511,IP_03527,2026-06-23 19:15:00,5849.17,Kolkata,1415,556,8,3,0,1.756,2,1,0.9262518687052276,99.78027831413543,REVIEW,1.0,3.0,6.0,18.0,0,1,2,61.0,92.62518687052275,99.78027831413543,94.77171430360654,5417.804642874556,58.4917,5417.804642874556,1108.5609285749108,345.89023214372804,REVIEW,345.89023214372804,1,1,100.0,96.246676929502,high fraud probability; highly unusual behavioral pattern; elevated transaction velocity; multiple recent failed attempts,REVIEW,1
TX_0010753,CUST_00583,MER_0050,DEV_00720,IP_00365,2026-06-23 14:20:00,2120.61,Pune,641,18,3,5,0,1.031,1,1,0.9421468700612942,96.58432651974167,REVIEW,1.0,1.0,4.0,7.0,0,0,0,32.5,94.21468700612941,96.58432651974167,94.92557886021308,1997.926074120681,21.206100000000003,1997.926074120681,424.58521482413613,174.89630370603413,REVIEW,174.89630370603413,1,1,100.0,96.08264145898721,high fraud probability; highly unusual behavioral pattern; multiple recent failed attempts,REVIEW,1
TX_0010075,CUST_01995,MER_0216,DEV_04745,IP_04054,2026-06-12 01:39:00,17138.8,Kochi,309,1052,1,0,0,11.514,1,1,0.9304939560061003,98.36207470537319,REVIEW,1.0,4.0,4.0,20.0,0,1,2,64.0,93.04939560061003,98.36207470537319,94.64319933203896,15947.54981319735,171.388,15947.54981319735,3214.5099626394694,872.3774906598683,REVIEW,872.3774906598683,1,1,100.0,96.03332021191697,high fraud probability; highly unusual behavioral pattern; transaction amount is significantly above normal customer behavior,REVIEW,1
TX_0011428,CUST_00979,MER_0208,DEV_02502,IP_03999,2026-06-04 22:51:00,9108.77,Delhi,1064,830,2,1,0,8.924,1,1,0.9290390935775552,98.05579599174379,REVIEW,1.0,2.0,3.0,9.0,0,1,1,42.0,92.90390935775552,98.05579599174379,94.449475347952,8462.403424406428,91.08770000000001,8462.403424406428,1717.4806848812852,498.12017122032177,REVIEW,498.12017122032177,1,1,100.0,95.86869347640089,high fraud probability; highly unusual behavioral pattern; transaction amount is significantly above normal customer behavior,REVIEW,1
TX_0015394,CUST_01536,MER_0223,DEV_02922,IP_00579,2026-06-18 07:51:00,16663.75,Kolkata,899,426,1,0,1,6.439,2,1,0.9173370496344728,99.96670883547506,REVIEW,1.0,2.0,3.0,8.0,0,1,1,40.5,91.73370496344728,99.96670883547506,94.2036061250556,15286.275260846447,166.63750000000002,15286.275260846447,3082.255052169289,839.313763042323,REVIEW,839.313763042323,1,1,100.0,95.85686513236615,high fraud probability; highly unusual behavioral pattern; transaction amount is significantly above normal customer behavior; unusual transaction location,REVIEW,1
TX_0007427,CUST_00194,MER_0279,DEV_00328,IP_00987,2026-05-25 06:47:00,1557.98,Bengaluru,531,24,7,3,0,1.186,2,1,0.998519870552405,99.76030361542047,REVIEW,0.0,1.0,0.0,7.0,0,0,0,18.5,99.8519870552405,99.76030361542047,99.82448202329448,1555.673987923236,15.5798,1555.673987923236,336.1347975846471,152.78369939616186,REVIEW,152.78369939616186,1,1,79.86219747301139,95.82652410684868,high fraud probability; highly unusual behavioral pattern; elevated transaction velocity; multiple recent failed attempts,REVIEW,1
TX_0011125,CUST_03855,MER_0060,DEV_02365,IP_04480,2026-06-23 17:08:00,5238.99,Chennai,1176,628,6,4,0,1.85,2,1,0.9173774810048482,99.78027831413543,REVIEW,3.0,1.0,16.0,6.0,1,0,2,61.0,91.73774810048482,99.78027831413543,94.15050716457999,4806.131449209589,52.3899,4806.131449209589,986.2262898419176,315.30657246047963,REVIEW,315.30657246047963,1,1,100.0,95.80295754448304,high fraud probability; highly unusual behavioral pattern; elevated transaction velocity; multiple recent failed attempts,REVIEW,1
TX_0000854,CUST_01290,MER_0149,DEV_01811,IP_00527,2026-06-18 14:40:00,10663.76,Hyderabad,300,232,0,0,1,14.267,2,1,0.9160211363499576,99.98668353419002,REVIEW,1.0,3.0,2.0,8.0,0,1,1,47.0,91.60211363499576,99.98668353419002,94.11748460475404,9768.229552963225,106.6376,9768.229552963225,1978.6459105926444,563.4114776481617,REVIEW,563.4114776481617,1,1,100.0,95.79706187775489,high fraud probability; highly unusual behavioral pattern; transaction amount is significantly above normal customer behavior; unusual transaction location,REVIEW,1
TX_0001210,CUST_00851,MER_0041,DEV_01396,IP_03192,2026-06-10 12:06:00,2275.9,Kolkata,445,6,0,2,0,1.321,1,1,0.9404697310423593,95.1794393767894,REVIEW,1.0,1.0,5.0,4.0,0,0,0,29.5,94.04697310423593,95.1794393767894,94.38671298600197,2140.4150608793057,22.759,2140.4150608793057,453.08301217586103,182.02075304396539,REVIEW,182.02075304396539,1,1,100.0,95.57731836515478,high fraud probability; highly unusual behavioral pattern; newly observed device,REVIEW,1
TX_0009757,CUST_03889,MER_0195,DEV_03812,IP_05985,2026-06-17 01:34:00,5853.73,Chennai,694,1069,0,0,1,3.889,2,1,0.9102957789721722,99.9001265064252,REVIEW,1.0,1.0,4.0,4.0,0,0,0,28.0,91.02957789721722,99.9001265064252,93.6907424799796,5328.625710242773,58.537299999999995,5328.625710242773,1090.7251420485543,341.43128551213886,REVIEW,341.43128551213886,1,1,100.0,95.48482690053618,high fraud probability; highly unusual behavioral pattern; unusual transaction location,REVIEW,1
TX_0014651,CUST_03190,MER_0047,DEV_03637,IP_02422,2026-06-15 18:15:00,8912.25,Pune,1786,768,1,0,0,9.331,1,1,0.9177249958733282,98.24222651308344,REVIEW,1.0,2.0,4.0,10.0,0,1,2,45.0,91.77249958733282,98.24222651308344,93.71341766505799,8178.994594472069,89.1225,8178.994594472069,1660.7989188944134,483.9497297236038,REVIEW,483.9497297236038,1,1,100.0,95.35891774759143,high fraud probability; highly unusual behavioral pattern; transaction amount is significantly above normal customer behavior,REVIEW,1
TX_0007558,CUST_01152,MER_0111,DEV_00645,IP_04733,2026-06-27 00:30:00,5296.0,Pune,1203,1001,3,0,1,7.568,2,1,0.90721764542015,99.97336706838004,REVIEW,1.0,2.0,7.0,12.0,0,1,2,52.5,90.72176454201501,99.97336706838004,93.49724529992451,4804.624650145114,52.96,4804.624650145114,985.9249300290227,315.2312325072559,REVIEW,315.2312325072559,1,1,100.0,95.35289239152152,high fraud probability; highly unusual behavioral pattern; transaction amount is significantly above normal customer behavior; unusual transaction location,REVIEW,1
TX_0018655,CUST_00052,MER_0245,DEV_00512,IP_02849,2026-06-10 09:25:00,10702.57,Kochi,1843,732,0,1,0,12.945,1,1,0.9073978683859176,99.29422731207138,REVIEW,1.0,2.0,5.0,7.0,0,1,1,42.0,90.73978683859177,99.29422731207138,93.30611898063565,9711.489204251071,107.0257,9711.489204251071,1967.2978408502138,560.574460212554,REVIEW,560.574460212554,1,1,100.0,95.1581616129173,high fraud probability; highly unusual behavioral pattern; transaction amount is significantly above normal customer behavior,REVIEW,1
TX_0011891,CUST_01806,MER_0047,DEV_02432,IP_04866,2026-06-29 19:25:00,5000.0,Hyderabad,612,146,1,1,0,7.082,1,1,0.9179077053015097,97.42992209867502,REVIEW,2.0,2.0,7.0,7.0,1,1,2,53.0,91.79077053015097,97.42992209867502,93.48251600070819,4589.538526507548,50.0,4589.538526507548,942.9077053015095,304.47692632537763,REVIEW,304.47692632537763,1,1,100.0,95.12436189467799,high fraud probability; highly unusual behavioral pattern; transaction amount is significantly above normal customer behavior,REVIEW,1
TX_0004977,CUST_01168,MER_0201,DEV_00916,IP_04812,2026-05-26 20:49:00,1504.11,Ahmedabad,1105,592,11,3,0,0.939,2,1,0.9968019404807241,99.60716425860576,REVIEW,2.0,2.0,5.0,5.0,1,1,2,47.0,99.68019404807241,99.60716425860576,99.65828511123242,1499.2997666964618,15.0411,1499.2997666964618,324.8599533392923,149.96498833482315,REVIEW,149.96498833482315,1,1,76.96816618949673,95.11587953951728,high fraud probability; highly unusual behavioral pattern; elevated transaction velocity; multiple recent failed attempts,REVIEW,1
TX_0001785,CUST_03337,MER_0171,DEV_03585,IP_05945,2026-06-13 20:19:00,1611.59,Mumbai,818,572,5,4,0,1.471,2,1,0.9787920815309733,99.43405020307611,REVIEW,1.0,1.0,4.0,4.0,0,0,0,28.0,97.87920815309732,99.43405020307611,98.34566076809097,1577.4115306745011,16.1159,1577.4115306745011,340.48230613490017,153.8705765337251,REVIEW,153.8705765337251,1,1,80.97811761132846,94.96544265973719,high fraud probability; highly unusual behavioral pattern; elevated transaction velocity; multiple recent failed attempts,REVIEW,1
TX_0015498,CUST_03026,MER_0033,DEV_02910,IP_04613,2026-06-28 03:38:00,1562.21,Ahmedabad,1583,631,6,4,0,1.095,2,1,0.9838457065709884,99.71369598508556,REVIEW,2.0,1.0,7.0,2.0,1,0,1,37.5,98.38457065709883,99.71369598508556,98.78330825549484,1536.9736012622639,15.622100000000001,1536.9736012622639,332.3947202524527,151.84868006311325,REVIEW,151.84868006311325,1,1,78.90219300939371,94.88683272595382,high fraud probability; highly unusual behavioral pattern; elevated transaction velocity; multiple recent failed attempts,REVIEW,1
TX_0007142,CUST_03708,MER_0245,DEV_00128,IP_04399,2026-06-18 07:37:00,9167.66,Kolkata,572,688,0,1,1,3.05,2,1,0.893686556507772,99.82022771156535,REVIEW,2.0,1.0,5.0,2.0,1,0,1,34.5,89.3686556507772,99.82022771156535,92.50412726901364,8193.014496634041,91.6766,8193.014496634041,1663.6028993268078,484.6507248317024,REVIEW,484.6507248317024,1,1,100.0,94.6303961388582,high fraud probability; highly unusual behavioral pattern; unusual transaction location,REVIEW,1
TX_0015366,CUST_01164,MER_0022,DEV_02152,IP_04641,2026-06-22 05:29:00,10323.92,Delhi,949,258,1,0,1,4.605,2,1,0.8924151786133749,99.86017710899527,REVIEW,1.0,1.0,3.0,4.0,0,0,0,26.5,89.2415178613375,99.86017710899527,92.42711563563483,9213.222910790193,103.2392,9213.222910790193,1867.6445821580382,535.66114553951,REVIEW,535.66114553951,1,1,100.0,94.57881206336734,high fraud probability; highly unusual behavioral pattern; transaction amount is significantly above normal customer behavior; unusual transaction location,REVIEW,1
TX_0014941,CUST_01285,MER_0110,DEV_00471,IP_05672,2026-06-09 04:39:00,9416.79,Kolkata,1696,1168,1,1,1,3.088,2,1,0.8911245315591885,99.92010120514016,REVIEW,2.0,1.0,6.0,2.0,1,0,1,36.0,89.11245315591884,99.92010120514016,92.35474757068522,8391.532577541251,94.16790000000002,8391.532577541251,1703.30651550825,494.57662887706294,REVIEW,494.57662887706294,1,1,100.0,94.53225693950147,high fraud probability; highly unusual behavioral pattern; unusual transaction location,REVIEW,1
TX_0015481,CUST_03273,MER_0024,DEV_02976,IP_05251,2026-06-10 09:19:00,12604.88,Delhi,1037,1093,1,0,0,7.586,1,0,0.9047612194038237,97.52313735934483,REVIEW,4.0,3.0,19.0,8.0,1,1,3,86.0,90.47612194038237,97.52313735934483,92.5902265660711,11404.406599238868,126.0488,11404.406599238868,2305.881319847773,645.2203299619439,REVIEW,645.2203299619439,1,0,100.0,94.49500217799464,high fraud probability; highly unusual behavioral pattern; transaction amount is significantly above normal customer behavior,REVIEW,1
TX_0018059,CUST_02364,MER_0133,DEV_01354,IP_05240,2026-05-26 04:20:00,4044.59,Bengaluru,932,624,1,0,1,3.862,2,1,0.8871872221430198,99.76030361542047,REVIEW,3.0,1.0,11.0,4.0,1,0,2,54.5,88.71872221430198,99.76030361542047,92.03119663463752,3588.308566807437,40.4459,3588.308566807437,742.6617133614872,254.415428340372,REVIEW,254.415428340372,1,1,100.0,94.28745219177713,high fraud probability; highly unusual behavioral pattern; unusual transaction location,REVIEW,1
TX_0010480,CUST_02022,MER_0149,DEV_00933,IP_00574,2026-05-31 06:51:00,5000.0,Hyderabad,478,295,1,0,0,7.078,1,1,0.9031198726924304,96.40455423130702,REVIEW,1.0,3.0,5.0,13.0,0,1,2,59.0,90.31198726924305,96.40455423130702,92.13975735786224,4515.599363462152,50.0,4515.599363462152,928.1198726924301,300.7799681731078,REVIEW,300.7799681731078,1,1,100.0,94.07735990401363,high fraud probability; highly unusual behavioral pattern; transaction amount is significantly above normal customer behavior,REVIEW,1
TX_0001638,CUST_03603,MER_0068,DEV_01832,IP_04638,2026-06-19 22:46:00,8025.26,Hyderabad,873,274,1,1,0,7.421,1,0,0.8985676836078856,97.12364338504561,REVIEW,2.0,1.0,10.0,4.0,1,0,2,45.0,89.85676836078856,97.12364338504561,92.03683086806568,7211.239288551021,80.2526,7211.239288551021,1467.2478577102038,435.56196442755135,REVIEW,435.56196442755135,1,0,100.0,94.06547719590796,high fraud probability; highly unusual behavioral pattern; transaction amount is significantly above normal customer behavior,REVIEW,1
TX_0008157,CUST_02630,MER_0284,DEV_03893,IP_05274,2026-05-31 19:54:00,1380.35,Bengaluru,1796,28,7,5,0,1.003,2,1,0.9981550029404135,99.9001265064252,REVIEW,0.0,1.0,0.0,7.0,0,0,0,18.5,99.81550029404134,99.9001265064252,99.8408881577565,1377.8032583087997,13.8035,1377.8032583087997,300.5606516617599,143.89016291544004,REVIEW,143.89016291544004,1,1,70.73101224820729,94.0239905485897,high fraud probability; highly unusual behavioral pattern; elevated transaction velocity; multiple recent failed attempts,REVIEW,1
TX_0011596,CUST_02475,MER_0084,DEV_04276,IP_03148,2026-06-26 17:16:00,12681.23,Chennai,505,685,2,3,1,5.751,3,1,0.8794610306782745,100.0,REVIEW,1.0,1.0,6.0,6.0,0,0,0,34.0,87.94610306782745,100.0,91.5622721474792,11152.647606068254,126.8123,11152.647606068254,2255.5295212136502,632.6323803034132,REVIEW,632.6323803034132,1,1,100.0,93.97305153391372,high fraud probability; highly unusual behavioral pattern; transaction amount is significantly above normal customer behavior; multiple recent failed attempts; unusual transaction location,REVIEW,1
TX_0005275,CUST_03241,MER_0191,DEV_02802,IP_03795,2026-06-02 06:28:00,8787.29,Chennai,416,859,0,0,0,10.297,1,1,0.8892603813562648,98.22225181436846,REVIEW,3.0,2.0,16.0,14.0,1,1,4,80.0,88.92603813562648,98.22225181436846,91.71490223924907,7814.188856488093,87.87290000000002,7814.188856488093,1587.8377712976182,465.709442824405,REVIEW,465.709442824405,1,1,100.0,93.92969461212378,high fraud probability; highly unusual behavioral pattern; transaction amount is significantly above normal customer behavior,REVIEW,1
TX_0007162,CUST_03730,MER_0131,DEV_03007,IP_00206,2026-05-26 03:29:00,1424.6,Bengaluru,884,5,3,3,0,0.849,2,1,0.9937464608029274,98.7149610493375,REVIEW,1.0,1.0,3.0,8.0,0,0,0,32.5,99.37464608029273,98.7149610493375,99.17674057100616,1415.6912080598502,14.245999999999999,1415.6912080598502,308.13824161197,145.78456040299255,REVIEW,145.78456040299255,1,1,72.67603090144407,93.83701753523643,high fraud probability; highly unusual behavioral pattern; multiple recent failed attempts; newly observed device,REVIEW,1
TX_0013068,CUST_03440,MER_0200,DEV_00443,IP_01671,2026-06-11 10:30:00,12156.98,Delhi,655,374,3,0,1,3.714,2,1,0.873570762362527,99.80025301285039,REVIEW,1.0,1.0,3.0,3.0,0,0,0,25.0,87.3570762362527,99.80025301285039,91.09002926923199,10619.982286625993,121.5698,10619.982286625993,2148.996457325198,605.9991143313001,REVIEW,605.9991143313001,1,1,100.0,93.61861402198147,high fraud probability; highly unusual behavioral pattern; unusual transaction location,REVIEW,1
TX_0003126,CUST_03882,MER_0088,DEV_04753,IP_02406,2026-06-26 14:42:00,1330.16,Hyderabad,580,29,7,4,0,1.068,2,1,0.9997849053523118,99.75364538251547,REVIEW,0.0,2.0,0.0,7.0,0,1,1,26.5,99.97849053523117,99.75364538251547,99.91103698941646,1329.8738897034311,13.3016,1329.8738897034311,290.9747779406862,141.4936944851716,REVIEW,141.4936944851716,1,1,68.2705065574047,93.56944019385118,high fraud probability; highly unusual behavioral pattern; elevated transaction velocity; multiple recent failed attempts,REVIEW,1
TX_0009420,CUST_00233,MER_0112,DEV_00394,IP_01273,2026-06-22 01:40:00,2496.89,Bengaluru,848,2,0,2,0,0.872,1,1,0.9083916489132053,93.52153938344763,REVIEW,0.0,1.0,0.0,3.0,0,0,0,12.5,90.83916489132054,93.52153938344763,91.64387723895865,2268.154024254893,24.968899999999998,2268.154024254893,478.6308048509785,188.40770121274477,REVIEW,188.40770121274477,1,1,100.0,93.47604426069455,high fraud probability; highly unusual behavioral pattern; newly observed device,REVIEW,1
TX_0003396,CUST_01279,MER_0150,DEV_01754,IP_02464,2026-05-27 22:31:00,1316.19,Delhi,609,219,13,4,0,1.271,2,1,0.9993563110755912,99.69372128637059,REVIEW,1.0,1.0,2.0,2.0,0,0,0,22.0,99.93563110755912,99.69372128637059,99.86305816120255,1315.3427830745825,13.161900000000001,1315.3427830745825,288.0685566149164,140.7671391537292,REVIEW,140.7671391537292,1,1,67.52453656876736,93.38083925344421,high fraud probability; highly unusual behavioral pattern; elevated transaction velocity; multiple recent failed attempts,REVIEW,1
TX_0000966,CUST_02532,MER_0232,DEV_00582,IP_02205,2026-06-08 12:19:00,4097.08,Mumbai,1003,535,1,0,1,5.115,2,1,0.8649778878427787,99.88681004061523,REVIEW,2.0,1.0,7.0,5.0,1,0,1,42.0,86.49778878427787,99.88681004061523,90.51449516117907,3543.883604722892,40.9708,3543.883604722892,733.7767209445782,252.19418023614475,REVIEW,252.19418023614475,1,1,100.0,93.2149374043235,high fraud probability; highly unusual behavioral pattern; transaction amount is significantly above normal customer behavior; unusual transaction location,REVIEW,1
TX_0005714,CUST_03644,MER_0038,DEV_02334,IP_00767,2026-06-19 22:15:00,6857.11,Kolkata,697,812,2,0,0,7.268,1,1,0.8813125419849935,96.34463013516212,REVIEW,2.0,1.0,9.0,3.0,1,0,1,42.0,88.13125419849935,96.34463013516212,90.59526697949818,6043.2570447707185,68.5711,6043.2570447707185,1233.6514089541433,377.1628522385362,REVIEW,377.1628522385362,1,1,100.0,92.96901613979831,high fraud probability; highly unusual behavioral pattern; transaction amount is significantly above normal customer behavior,REVIEW,1
TX_0000002,CUST_02590,MER_0110,DEV_02632,IP_03190,2026-06-16 03:26:00,6435.56,Jaipur,325,593,0,1,0,7.349,1,1,0.8680336282378435,98.45528996604301,REVIEW,1.0,2.0,4.0,7.0,0,1,1,40.5,86.80336282378434,98.45528996604301,90.29894096646194,5586.282496542336,64.35560000000001,5586.282496542336,1142.256499308467,354.31412482711704,REVIEW,354.31412482711704,1,1,100.0,92.93826840170507,high fraud probability; highly unusual behavioral pattern; transaction amount is significantly above normal customer behavior,REVIEW,1
TX_0009013,CUST_02009,MER_0066,DEV_04812,IP_01400,2026-05-27 05:58:00,3837.16,Jaipur,1464,729,7,1,0,0.86,1,0,0.8864648616076183,95.35921166522405,REVIEW,1.0,2.0,4.0,8.0,0,1,1,42.0,88.64648616076182,95.35921166522405,90.6603038121005,3401.507508366288,38.3716,3401.507508366288,705.3015016732575,245.07537541831456,REVIEW,245.07537541831456,1,0,100.0,92.93100657994813,high fraud probability; highly unusual behavioral pattern; elevated transaction velocity,REVIEW,1
TX_0013871,CUST_02274,MER_0055,DEV_02431,IP_00374,2026-06-01 10:21:00,1734.96,Bengaluru,867,946,9,2,0,1.008,1,1,0.9382329763331415,97.26346627605034,REVIEW,1.0,3.0,2.0,10.0,0,1,2,50.0,93.82329763331416,97.26346627605034,94.855348226135,1627.7966846189472,17.349600000000002,1627.7966846189472,350.5593369237894,156.38983423094743,REVIEW,156.38983423094743,1,1,83.56469368398693,92.80362743626957,high fraud probability; highly unusual behavioral pattern; elevated transaction velocity,REVIEW,1
TX_0014188,CUST_01701,MER_0240,DEV_04203,IP_05392,2026-06-17 11:25:00,2915.24,Pune,484,3,1,2,0,0.727,1,0,0.8956483714141844,93.19528597110327,REVIEW,2.0,4.0,7.0,14.0,1,1,3,76.5,89.56483714141844,93.19528597110327,90.65397179032388,2611.029958281487,29.1524,2611.029958281487,547.2059916562972,205.55149791407445,REVIEW,205.55149791407445,1,0,100.0,92.7410043620402,high fraud probability; highly unusual behavioral pattern; newly observed device,REVIEW,1
TX_0008538,CUST_01172,MER_0244,DEV_01780,IP_00583,2026-05-25 00:25:00,11142.43,Mumbai,635,1113,2,0,0,6.904,1,1,0.8638461130692108,97.46987149610493,REVIEW,1.0,1.0,2.0,2.0,0,0,0,22.0,86.38461130692107,97.46987149610493,89.71018936367622,9625.344845645766,111.4243,9625.344845645766,1950.068969129153,556.2672422822887,REVIEW,556.2672422822887,1,1,100.0,92.433267102292,high fraud probability; highly unusual behavioral pattern; transaction amount is significantly above normal customer behavior,REVIEW,1
TX_0007856,CUST_02948,MER_0296,DEV_03110,IP_04293,2026-06-15 18:30:00,1252.8,Pune,869,5,0,4,0,1.515,2,1,0.9930561094808964,99.27425261335642,REVIEW,1.0,1.0,3.0,5.0,0,0,0,28.0,99.30561094808964,99.27425261335642,99.29620344766967,1244.1006939576669,12.528,1244.1006939576669,273.8201387915333,137.2050346978834,REVIEW,137.2050346978834,1,1,63.86724729504214,92.20853071706019,high fraud probability; highly unusual behavioral pattern; multiple recent failed attempts; newly observed device,REVIEW,1
TX_0017012,CUST_00839,MER_0069,DEV_02223,IP_04522,2026-06-01 09:29:00,1175.25,Chennai,453,548,10,4,0,0.521,2,1,0.9978122919273187,99.76030361542047,REVIEW,1.0,4.0,3.0,14.0,0,1,2,62.5,99.78122919273187,99.76030361542047,99.77495151953843,1172.6788960875813,11.7525,1172.6788960875813,259.53577921751616,133.63394480437913,REVIEW,133.63394480437913,1,1,60.20073247917589,91.85885217682726,high fraud probability; highly unusual behavioral pattern; elevated transaction velocity; multiple recent failed attempts,REVIEW,1
TX_0006671,CUST_00637,MER_0253,DEV_03218,IP_04069,2026-06-27 00:06:00,1207.26,Pune,896,1117,7,3,0,0.518,2,1,0.9891653427396504,99.79359477994541,REVIEW,2.0,1.0,7.0,3.0,1,0,1,39.0,98.91653427396504,99.79359477994541,99.17965242575914,1194.1797516758704,12.0726,1194.1797516758704,263.83595033517406,134.70898758379357,REVIEW,134.70898758379357,1,1,61.304502027397824,91.6572459764457,high fraud probability; highly unusual behavioral pattern; elevated transaction velocity; multiple recent failed attempts,REVIEW,1
TX_0005084,CUST_02792,MER_0069,DEV_04886,IP_01557,2026-06-19 19:29:00,1064.18,Bengaluru,1236,1,1,4,0,0.503,2,1,0.9978651806287303,99.20767028430654,REVIEW,0.0,1.0,0.0,4.0,0,0,0,14.0,99.78651806287303,99.20767028430654,99.61286372930309,1061.9081679214823,10.641800000000002,1061.9081679214823,237.38163358429642,128.09540839607416,REVIEW,128.09540839607416,1,1,54.51419800234771,90.55839971719803,high fraud probability; highly unusual behavioral pattern; multiple recent failed attempts; newly observed device,REVIEW,1
TX_0004104,CUST_02216,MER_0251,DEV_03130,IP_04533,2026-05-28 10:05:00,10587.38,Pune,242,69,2,1,0,6.963,1,0,0.8175061787654734,98.84146747453227,REVIEW,2.0,2.0,8.0,5.0,1,1,2,51.5,81.75061787654734,98.84146747453227,86.8778727559428,8655.248566937997,105.87379999999999,8655.248566937997,1756.049713387599,507.7624283469002,REVIEW,507.7624283469002,1,0,100.0,90.52774918063335,high fraud probability; highly unusual behavioral pattern; transaction amount is significantly above normal customer behavior,REVIEW,1
TX_0005812,CUST_00688,MER_0010,DEV_04159,IP_02074,2026-06-18 06:07:00,5355.91,Chennai,688,411,1,3,0,9.95,2,1,0.8105665859672722,99.90678473933018,REVIEW,1.0,1.0,3.0,3.0,0,0,0,25.0,81.05665859672722,99.90678473933018,86.7116964395081,4341.321683447973,53.5591,4341.321683447973,893.2643366895943,292.06608417239886,REVIEW,292.06608417239886,1,1,100.0,90.50036472016266,high fraud probability; highly unusual behavioral pattern; transaction amount is significantly above normal customer behavior; multiple recent failed attempts,REVIEW,1
TX_0017528,CUST_00340,MER_0294,DEV_01019,IP_05237,2026-06-12 11:48:00,2557.61,Kochi,1056,54,1,1,1,4.517,2,1,0.8065483737678532,99.9001265064252,REVIEW,1.0,3.0,3.0,8.0,0,1,1,48.5,80.65483737678531,99.9001265064252,86.42842411567727,2062.836186232399,25.5761,2062.836186232399,437.56723724647975,178.14180931162005,REVIEW,178.14180931162005,1,1,100.0,90.2974566403202,high fraud probability; highly unusual behavioral pattern; transaction amount is significantly above normal customer behavior; unusual transaction location,REVIEW,1
TX_0000605,CUST_01386,MER_0094,DEV_03631,IP_05938,2026-06-01 03:07:00,3168.28,Hyderabad,1183,1,0,2,0,1.658,1,0,0.8309815036274144,95.4923763233238,REVIEW,1.0,2.0,4.0,8.0,0,1,1,42.0,83.09815036274144,95.4923763233238,86.81641815091614,2632.782078312665,31.682800000000004,2632.782078312665,551.5564156625329,206.63910391563337,REVIEW,206.63910391563337,1,0,100.0,90.19678807836786,high fraud probability; highly unusual behavioral pattern; newly observed device,REVIEW,1
TX_0017472,CUST_00940,MER_0259,DEV_02495,IP_00226,2026-06-02 20:43:00,1019.77,Kolkata,934,11,6,5,0,0.948,3,1,0.9949426819757163,99.76030361542047,REVIEW,0.0,2.0,0.0,8.0,0,1,1,28.0,99.49426819757163,99.76030361542047,99.57407882292628,1014.6126987983762,10.1977,1014.6126987983762,227.9225397596752,125.73063493991886,REVIEW,125.73063493991886,1,1,52.0862342232975,90.09247202807146,high fraud probability; highly unusual behavioral pattern; elevated transaction velocity; multiple recent failed attempts; newly observed device,REVIEW,1
TX_0007662,CUST_00576,MER_0039,DEV_02623,IP_02433,2026-05-30 02:14:00,998.88,Ahmedabad,1400,23,8,3,0,1.296,2,1,0.996237551960111,99.79359477994541,REVIEW,2.0,2.0,7.0,10.0,1,1,3,57.5,99.6237551960111,99.79359477994541,99.67470707119139,995.1217659019156,9.9888,995.1217659019156,224.0243531803831,124.75608829509582,REVIEW,124.75608829509582,1,1,51.0856462183593,89.96708527566103,high fraud probability; highly unusual behavioral pattern; elevated transaction velocity; multiple recent failed attempts,REVIEW,1
TX_0015285,CUST_02371,MER_0263,DEV_01626,IP_02312,2026-06-05 19:26:00,974.31,Mumbai,1165,1,7,7,0,0.485,3,1,0.9991612773090711,99.83354417737532,REVIEW,0.0,1.0,0.0,3.0,0,0,0,12.5,99.9161277309071,99.83354417737532,99.89135266484756,973.492824095001,9.7431,973.492824095001,219.69856481900015,123.67464120475009,REVIEW,123.67464120475009,1,1,49.975301226333045,89.90318736393276,high fraud probability; highly unusual behavioral pattern; elevated transaction velocity; multiple recent failed attempts; newly observed device,REVIEW,1
TX_0013038,CUST_02086,MER_0009,DEV_02862,IP_01208,2026-06-08 15:05:00,2058.17,Hyderabad,1335,17,3,3,0,0.96,1,1,0.8552904660904672,96.85731406884612,REVIEW,1.0,2.0,8.0,4.0,0,1,1,42.0,85.52904660904672,96.85731406884612,88.92752684698652,1760.333178593417,20.5817,1760.333178593417,377.0666357186833,163.01665892967094,REVIEW,163.01665892967094,1,1,90.36859716012579,89.89543695720235,high fraud probability; highly unusual behavioral pattern; multiple recent failed attempts,REVIEW,1
TX_0004579,CUST_02252,MER_0172,DEV_02236,IP_03395,2026-06-24 20:58:00,1016.48,Hyderabad,458,5,2,4,0,0.931,2,1,0.9950140942591439,99.1344297223517,REVIEW,0.0,1.0,0.0,4.0,0,0,0,14.0,99.50140942591439,99.1344297223517,99.39131551484557,1011.4119265325346,10.1648,1011.4119265325346,227.28238530650688,125.57059632662677,REVIEW,125.57059632662677,1,1,51.92191913623866,89.87541745691043,high fraud probability; highly unusual behavioral pattern; multiple recent failed attempts; newly observed device,REVIEW,1
TX_0015691,CUST_03805,MER_0019,DEV_00024,IP_00675,2026-06-07 22:20:00,1015.58,Ahmedabad,1396,19,4,7,0,0.861,2,1,0.9923600385700821,99.493974299221,REVIEW,1.0,1.0,1.0,3.0,0,0,0,22.0,99.23600385700821,99.493974299221,99.31339498967205,1007.8210079710041,10.155800000000001,1007.8210079710041,226.56420159420077,125.39105039855025,REVIEW,125.39105039855025,1,1,51.73757546944424,89.81370931215925,high fraud probability; highly unusual behavioral pattern; elevated transaction velocity; multiple recent failed attempts,REVIEW,1
TX_0017730,CUST_03694,MER_0067,DEV_04631,IP_01560,2026-05-25 11:21:00,2392.3,Ahmedabad,2653,4,1,2,0,0.991,1,1,0.8093909180362561,97.78280844263932,REVIEW,0.0,1.0,0.0,6.0,0,0,0,17.0,80.9390918036256,97.78280844263932,85.99220679532971,1936.3058932181355,23.923000000000002,1936.3058932181355,412.261178643627,171.81529466090686,REVIEW,171.81529466090686,1,1,99.40234574390337,89.68485758338527,high fraud probability; highly unusual behavioral pattern; newly observed device,REVIEW,1
TX_0003334,CUST_01572,MER_0076,DEV_00002,IP_03492,2026-06-27 22:25:00,10157.64,Hyderabad,552,832,0,0,0,6.109,1,0,0.8161278173360386,96.11825021639257,REVIEW,2.0,1.0,6.0,2.0,1,0,1,36.0,81.61278173360385,96.11825021639257,85.96442227844047,8289.932562485239,101.57639999999999,8289.932562485239,1682.9865124970474,489.4966281242623,REVIEW,489.4966281242623,1,0,100.0,89.64186593171969,high fraud probability; highly unusual behavioral pattern; transaction amount is significantly above normal customer behavior,REVIEW,1
TX_0017849,CUST_02556,MER_0254,DEV_04309,IP_01720,2026-06-27 05:18:00,1030.99,Bengaluru,626,1001,6,3,0,1.206,2,1,0.9856956961155576,99.68040482056063,REVIEW,2.0,1.0,7.0,5.0,1,0,1,42.0,98.56956961155576,99.68040482056063,98.90282017425722,1016.2424057381787,10.3099,1016.2424057381787,228.2484811476357,125.81212028690898,REVIEW,125.81212028690898,1,1,52.16989698198603,89.62288564834327,high fraud probability; highly unusual behavioral pattern; elevated transaction velocity; multiple recent failed attempts,REVIEW,1
TX_0004357,CUST_01376,MER_0023,DEV_02290,IP_05609,2026-06-24 09:04:00,966.31,Delhi,1124,627,10,4,0,0.602,2,1,0.9965902831931124,99.68040482056063,REVIEW,3.0,1.0,10.0,5.0,1,0,2,54.5,99.65902831931123,99.68040482056063,99.66544126968604,963.0151565523364,9.6631,963.0151565523364,217.60303131046723,123.15075782761687,REVIEW,123.15075782761687,1,1,49.437418893116245,89.62111938444706,high fraud probability; highly unusual behavioral pattern; elevated transaction velocity; multiple recent failed attempts,REVIEW,1
TX_0015326,CUST_02798,MER_0094,DEV_00201,IP_05721,2026-06-29 00:34:00,3557.41,Delhi,468,804,1,1,1,6.9,2,1,0.7856757853855312,99.96670883547506,REVIEW,4.0,1.0,12.0,2.0,1,0,2,59.0,78.56757853855312,99.96670883547506,84.9873176276297,2794.9708956883424,35.5741,2794.9708956883424,583.9941791376683,214.74854478441725,REVIEW,214.74854478441725,1,1,100.0,89.27380191991908,high fraud probability; highly unusual behavioral pattern; transaction amount is significantly above normal customer behavior; unusual transaction location,REVIEW,1
TX_0013001,CUST_02233,MER_0211,DEV_02134,IP_00842,2026-06-02 17:59:00,4815.6,Kochi,765,914,0,0,1,4.826,2,1,0.7828352403122157,99.9001265064252,REVIEW,2.0,1.0,4.0,3.0,1,0,1,34.5,78.28352403122157,99.9001265064252,84.76850477378267,3769.821383247506,48.156000000000006,3769.821383247506,778.9642766495011,263.4910691623755,REVIEW,263.4910691623755,1,1,100.0,89.11179996753835,high fraud probability; highly unusual behavioral pattern; transaction amount is significantly above normal customer behavior; unusual transaction location,REVIEW,1
TX_0012935,CUST_02533,MER_0144,DEV_04988,IP_02808,2026-06-23 20:34:00,889.61,Chennai,749,5,7,7,0,1.287,3,1,0.9996386289790725,99.76030361542047,REVIEW,1.0,3.0,3.0,18.0,0,1,2,56.5,99.96386289790725,99.76030361542047,99.9027951131612,889.2885207260728,8.8961,889.2885207260728,202.8577041452145,119.46442603630368,REVIEW,119.46442603630368,1,1,45.652582741656204,89.040539081911,high fraud probability; highly unusual behavioral pattern; elevated transaction velocity; multiple recent failed attempts; newly observed device,REVIEW,1
TX_0005091,CUST_01678,MER_0222,DEV_01810,IP_01956,2026-06-07 17:51:00,927.53,Hyderabad,313,2,1,3,0,0.731,2,1,0.990593690733994,99.23430321592649,REVIEW,0.0,1.0,0.0,2.0,0,0,0,11.0,99.0593690733994,99.23430321592649,99.11184931615752,918.8053659665014,9.2753,918.8053659665014,208.76107319330023,120.94026829832512,REVIEW,120.94026829832512,1,1,47.16786174077241,88.73354784963213,high fraud probability; highly unusual behavioral pattern; multiple recent failed attempts; newly observed device,REVIEW,1
TX_0008553,CUST_01016,MER_0008,DEV_00332,IP_03368,2026-06-05 01:38:00,894.18,Delhi,1296,752,8,4,0,0.498,2,1,0.9936490454608524,99.76030361542047,REVIEW,2.0,2.0,12.0,10.0,1,1,4,65.0,99.36490454608524,99.76030361542047,99.48352426688581,888.501103470185,8.941799999999999,888.501103470185,202.70022069403694,119.42505517350929,REVIEW,119.42505517350929,1,1,45.612159829869064,88.73297532364258,high fraud probability; highly unusual behavioral pattern; elevated transaction velocity; multiple recent failed attempts,REVIEW,1
TX_0014066,CUST_01246,MER_0030,DEV_01715,IP_02245,2026-05-27 00:50:00,902.18,Mumbai,1009,3,3,4,0,1.081,2,1,0.9957491219365813,99.06118916039684,REVIEW,2.0,2.0,7.0,8.0,1,1,2,54.5,99.57491219365812,99.06118916039684,99.42079528367972,898.3449428287448,9.021799999999999,898.3449428287448,204.66898856574892,119.91724714143729,REVIEW,119.91724714143729,1,1,46.1175039115011,88.72931362724833,high fraud probability; highly unusual behavioral pattern; multiple recent failed attempts; newly observed device,REVIEW,1
TX_0008462,CUST_02633,MER_0281,DEV_03766,IP_04958,2026-05-25 19:49:00,848.05,Kochi,1054,1077,10,3,0,0.442,2,1,0.993773009001365,99.79359477994541,REVIEW,1.0,3.0,4.0,15.0,0,1,2,58.0,99.3773009001365,99.79359477994541,99.50218906407916,842.7692002836076,8.4805,842.7692002836076,193.55384005672147,117.13846001418042,REVIEW,117.13846001418042,1,1,43.26446338996221,88.27962156204431,high fraud probability; highly unusual behavioral pattern; elevated transaction velocity; multiple recent failed attempts,REVIEW,1
TX_0007512,CUST_00443,MER_0215,DEV_02770,IP_03644,2026-06-09 10:51:00,930.28,Delhi,2091,1,2,3,0,0.504,2,1,0.9794358034636036,99.68040482056063,REVIEW,1.0,1.0,2.0,4.0,0,0,0,25.0,97.94358034636036,99.68040482056063,98.46462768862044,911.1495392461211,9.3028,911.1495392461211,207.2299078492242,120.5574769623061,REVIEW,120.5574769623061,1,1,46.774841641375886,88.23087994762355,high fraud probability; highly unusual behavioral pattern; multiple recent failed attempts; newly observed device,REVIEW,1
TX_0000711,CUST_01278,MER_0233,DEV_02631,IP_02332,2026-05-31 21:25:00,830.18,Mumbai,598,4,4,3,0,0.945,3,1,0.9974860914010949,99.28756907916639,REVIEW,0.0,1.0,0.0,4.0,0,0,0,14.0,99.7486091401095,99.28756907916639,99.61029712182656,828.0930033593609,8.3018,828.0930033593609,190.61860067187214,116.40465016796807,REVIEW,116.40465016796807,1,1,42.511045034949625,88.1627843007946,high fraud probability; highly unusual behavioral pattern; elevated transaction velocity; multiple recent failed attempts; newly observed device,REVIEW,1
TX_0007425,CUST_01667,MER_0080,DEV_02097,IP_00772,2026-06-11 12:05:00,1205.48,Kochi,553,950,14,2,0,1.346,1,1,0.9433673335730705,97.66296025034956,REVIEW,1.0,1.0,5.0,5.0,0,0,0,31.0,94.33673335730704,97.66296025034956,95.33460142521979,1137.210453275665,12.0548,1137.210453275665,252.44209065513294,131.86052266378329,REVIEW,131.86052266378329,1,1,58.37992181711239,88.14323911718085,high fraud probability; highly unusual behavioral pattern; elevated transaction velocity,REVIEW,1
TX_0004086,CUST_00619,MER_0019,DEV_04601,IP_01574,2026-05-27 07:15:00,863.69,Pune,716,1,2,4,0,0.683,2,1,0.9920718347787243,99.0278979958719,REVIEW,0.0,2.0,0.0,8.0,0,1,1,28.0,99.20718347787243,99.0278979958719,99.15339783327227,856.8425229800364,8.6369,856.8425229800364,196.36850459600723,117.84212614900186,REVIEW,117.84212614900186,1,1,43.98693254803048,88.10934764730388,high fraud probability; highly unusual behavioral pattern; multiple recent failed attempts; newly observed device,REVIEW,1
TX_0017582,CUST_01529,MER_0027,DEV_01126,IP_03297,2026-06-23 22:35:00,848.26,Hyderabad,440,1163,8,4,0,0.592,2,1,0.990506433631892,99.82688594447033,REVIEW,1.0,1.0,4.0,4.0,0,0,0,28.0,99.0506433631892,99.82688594447033,99.28351613757354,840.2069873925886,8.4826,840.2069873925886,193.0413974785177,117.01034936962947,REVIEW,117.01034936962947,1,1,43.13292943525258,88.09997335198621,high fraud probability; highly unusual behavioral pattern; elevated transaction velocity; multiple recent failed attempts,REVIEW,1
TX_0007774,CUST_01038,MER_0161,DEV_01554,IP_02778,2026-06-06 05:07:00,4473.0,Pune,870,185,2,0,1,5.355,2,0,0.7621698999913114,99.90678473933018,REVIEW,0.0,1.0,0.0,1.0,0,0,0,9.5,76.21698999913113,99.90678473933018,83.32392842119084,3409.185962661136,44.730000000000004,3409.185962661136,706.837192532227,245.45929813305693,REVIEW,245.45929813305693,1,0,100.0,88.08053042136461,high fraud probability; highly unusual behavioral pattern; transaction amount is significantly above normal customer behavior; unusual transaction location,REVIEW,1
TX_0005573,CUST_00939,MER_0211,DEV_04287,IP_04915,2026-06-26 11:07:00,816.6,Hyderabad,903,5,1,4,0,0.819,2,1,0.9983017459188642,98.63506225447766,REVIEW,1.0,2.0,8.0,5.0,0,1,1,43.5,99.83017459188642,98.63506225447766,99.47164089066378,815.2132057173445,8.166,815.2132057173445,188.04264114346887,115.76066028586726,REVIEW,115.76066028586726,1,1,41.849846769320536,87.87557532615061,high fraud probability; highly unusual behavioral pattern; multiple recent failed attempts; newly observed device,REVIEW,1
TX_0010439,CUST_02604,MER_0087,DEV_03966,IP_02844,2026-06-04 18:20:00,3025.57,Kochi,983,5,1,1,0,1.565,1,1,0.8285589153391775,87.94194020906852,REVIEW,1.0,3.0,2.0,19.0,0,1,2,55.0,82.85589153391774,87.94194020906852,84.38170613646297,2506.8629974827554,30.2557,2506.8629974827554,526.372599496551,200.34314987413788,REVIEW,200.34314987413788,1,1,100.0,87.81052782967943,high fraud probability; highly unusual behavioral pattern; newly observed device,REVIEW,1
TX_0001400,CUST_03349,MER_0255,DEV_02641,IP_01429,2026-06-26 07:47:00,775.62,Pune,1165,1105,14,4,0,1.417,2,1,0.9958010094226825,99.76030361542047,REVIEW,1.0,1.0,4.0,4.0,0,0,0,28.0,99.58010094226825,99.76030361542047,99.63416174421391,772.363178928421,7.756200000000001,772.363178928421,179.47263578568416,113.61815894642109,REVIEW,113.61815894642109,1,1,39.6500945540706,87.64816046657438,high fraud probability; highly unusual behavioral pattern; elevated transaction velocity; multiple recent failed attempts,REVIEW,1
TX_0006515,CUST_02819,MER_0085,DEV_01418,IP_05051,2026-06-27 04:26:00,1439.32,Bengaluru,943,397,13,1,0,0.929,1,1,0.9160626805907072,94.22065383847126,REVIEW,3.0,4.0,12.0,10.0,1,1,4,87.0,91.60626805907071,94.22065383847126,92.39058379289088,1318.5073374278165,14.3932,1318.5073374278165,288.7014674855632,140.9253668713909,REVIEW,140.9253668713909,1,1,67.68699237032604,87.60672865514195,high fraud probability; highly unusual behavioral pattern; elevated transaction velocity,REVIEW,1
TX_0011507,CUST_02674,MER_0109,DEV_03113,IP_00565,2026-06-20 15:31:00,731.7,Kochi,1312,20,8,4,0,0.78,2,1,0.9986122290472915,99.80025301285039,REVIEW,2.0,2.0,6.0,9.0,1,1,2,54.5,99.86122290472915,99.80025301285039,99.84293193716552,730.6845679939032,7.317,730.6845679939032,171.1369135987806,111.5342283996952,REVIEW,111.5342283996952,1,1,37.51047823169656,87.372783002559,high fraud probability; highly unusual behavioral pattern; elevated transaction velocity; multiple recent failed attempts,REVIEW,1
TX_0007177,CUST_01179,MER_0018,DEV_00667,IP_01612,2026-06-16 17:56:00,13442.25,Jaipur,489,115,1,1,0,5.98,1,0,0.7646685664717124,96.71083294493641,REVIEW,1.0,1.0,3.0,3.0,0,0,0,25.0,76.46685664717124,96.71083294493641,82.54004953650079,10278.866037654376,134.4225,10278.866037654376,2080.7732075308745,588.9433018827192,REVIEW,588.9433018827192,1,0,100.0,87.24667820706654,high fraud probability; highly unusual behavioral pattern; transaction amount is significantly above normal customer behavior,REVIEW,1
TX_0017398,CUST_00458,MER_0125,DEV_04957,IP_03374,2026-06-06 12:58:00,894.24,Jaipur,835,12,3,6,0,1.27,2,1,0.9691457161913847,98.96797389972701,REVIEW,1.0,1.0,4.0,6.0,0,0,0,31.0,96.91457161913847,98.96797389972701,97.53059230331502,866.6488652469839,8.942400000000001,866.6488652469839,198.32977304939672,118.33244326234923,REVIEW,118.33244326234923,1,1,44.49035167613224,87.04574831471379,high fraud probability; highly unusual behavioral pattern; multiple recent failed attempts; newly observed device,REVIEW,1
TX_0001954,CUST_03186,MER_0226,DEV_03767,IP_02852,2026-06-02 15:33:00,1154.77,Chennai,1513,1189,12,2,0,1.048,1,1,0.9238459278191206,99.08782209201678,REVIEW,2.0,1.0,7.0,5.0,1,0,1,42.0,92.38459278191206,99.08782209201678,94.39556157494349,1066.8295620676859,11.5477,1066.8295620676859,238.36591241353713,128.34147810338433,REVIEW,128.34147810338433,1,1,54.76684306435797,86.87201163143266,high fraud probability; highly unusual behavioral pattern; elevated transaction velocity,REVIEW,1
TX_0004112,CUST_01770,MER_0097,DEV_00741,IP_01617,2026-06-14 09:48:00,694.77,Kochi,1050,17,4,7,0,0.503,2,1,0.9942016400389404,99.5405819295559,REVIEW,0.0,3.0,0.0,10.0,0,1,2,39.0,99.42016400389404,99.5405819295559,99.4562893815926,690.7414734498547,6.9477,690.7414734498547,163.1482946899709,109.53707367249277,REVIEW,109.53707367249277,1,1,35.45995650997103,86.66424788280798,high fraud probability; highly unusual behavioral pattern; elevated transaction velocity; multiple recent failed attempts,REVIEW,1
TX_0008770,CUST_00794,MER_0051,DEV_03547,IP_03774,2026-06-19 02:18:00,718.99,Kochi,540,6,0,4,0,1.106,2,1,0.9886808364238163,99.36746787402623,REVIEW,1.0,1.0,2.0,8.0,0,0,0,31.0,98.86808364238163,99.36746787402623,99.01789891187501,710.8516345803597,7.189900000000001,710.8516345803597,167.1703269160719,110.54258172901802,REVIEW,110.54258172901802,1,1,36.49233326235375,86.54274883586943,high fraud probability; highly unusual behavioral pattern; multiple recent failed attempts; newly observed device,REVIEW,1
TX_0002356,CUST_02292,MER_0098,DEV_04858,IP_01963,2026-06-18 14:41:00,20640.97,Kochi,1055,805,0,1,0,5.445,1,0,0.7521551870348105,96.02503495572276,REVIEW,3.0,2.0,15.0,12.0,1,1,4,78.0,75.21551870348105,96.02503495572276,81.45837357915356,15525.212650929914,206.40970000000002,15525.212650929914,3130.0425301859823,851.2606325464964,REVIEW,851.2606325464964,1,0,100.0,86.41526983845735,high fraud probability; highly unusual behavioral pattern; transaction amount is significantly above normal customer behavior,REVIEW,1
TX_0002381,CUST_00680,MER_0228,DEV_04780,IP_02950,2026-06-26 20:12:00,2184.67,Ahmedabad,745,615,2,0,1,2.504,1,1,0.7846804115931418,98.46860643185299,REVIEW,1.0,1.0,5.0,5.0,0,0,0,31.0,78.46804115931418,98.46860643185299,84.46821074107582,1714.2677547951891,21.846700000000002,1714.2677547951891,367.85355095903776,160.71338773975953,REVIEW,160.71338773975953,1,1,88.00377908088079,86.37535832538914,high fraud probability; highly unusual behavioral pattern; unusual transaction location,REVIEW,1
TX_0007329,CUST_01241,MER_0089,DEV_00603,IP_04369,2026-06-06 09:16:00,624.14,Pune,2008,5,7,4,0,0.648,3,1,0.9987515086011386,99.94673413676011,REVIEW,2.0,2.0,9.0,11.0,1,1,3,62.0,99.87515086011386,99.94673413676011,99.89662584310773,623.3607665783146,6.2414,623.3607665783146,149.6721533156629,106.16803832891576,REVIEW,106.16803832891576,1,1,32.00089544716463,86.32177476051788,high fraud probability; highly unusual behavioral pattern; elevated transaction velocity; multiple recent failed attempts; newly observed device,REVIEW,1
TX_0017842,CUST_01374,MER_0261,DEV_01281,IP_02195,2026-06-12 14:14:00,668.19,Bengaluru,1310,3,1,3,0,0.59,2,1,0.995643688582011,99.0212397629669,REVIEW,1.0,1.0,4.0,1.0,0,0,0,23.5,99.5643688582011,99.0212397629669,99.40143012963084,665.279156273614,6.681900000000001,665.279156273614,158.0558312547228,108.26395781368073,REVIEW,108.26395781368073,1,1,34.15282107013252,86.31912057201713,high fraud probability; highly unusual behavioral pattern; multiple recent failed attempts; newly observed device,REVIEW,1
TX_0018133,CUST_00463,MER_0234,DEV_02983,IP_00234,2026-05-27 07:45:00,4906.39,Chennai,700,2,1,1,0,1.388,1,1,0.797886668615517,87.50915507024436,REVIEW,2.0,1.0,7.0,6.0,1,0,1,43.5,79.7886668615517,87.50915507024436,82.1048133241595,3914.743172028487,49.063900000000004,3914.743172028487,807.9486344056972,270.73715860142454,REVIEW,270.73715860142454,1,1,100.0,86.14707995184916,high fraud probability; highly unusual behavioral pattern; newly observed device,REVIEW,1
TX_0017468,CUST_01913,MER_0119,DEV_03081,IP_01257,2026-06-08 04:53:00,17963.78,Kolkata,427,158,1,0,0,5.481,1,0,0.7484869665475113,95.6388574472335,REVIEW,5.0,1.0,19.0,5.0,1,0,2,65.5,74.84869665475114,95.6388574472335,81.08574489249585,13445.655199926852,179.6378,13445.655199926852,2714.1310399853696,747.2827599963432,REVIEW,747.2827599963432,1,0,100.0,86.11600556154562,high fraud probability; highly unusual behavioral pattern; transaction amount is significantly above normal customer behavior,REVIEW,1
TX_0005167,CUST_00925,MER_0246,DEV_02475,IP_01607,2026-06-19 01:18:00,13852.42,Delhi,1319,819,0,1,0,5.636,1,0,0.7409991768384006,96.79738997270124,REVIEW,3.0,3.0,12.0,17.0,1,1,4,86.0,74.09991768384006,96.79738997270124,80.9091593704984,10264.631817219797,138.5242,10264.631817219797,2077.926363443959,588.2315908609903,REVIEW,588.2315908609903,1,0,100.0,86.0891758337304,high fraud probability; highly unusual behavioral pattern; transaction amount is significantly above normal customer behavior,REVIEW,1
TX_0000262,CUST_01874,MER_0041,DEV_01281,IP_02900,2026-05-28 17:03:00,635.36,Kolkata,1166,1172,11,3,0,1.328,2,1,0.9893310227999343,99.77362008123045,REVIEW,1.0,1.0,4.0,4.0,0,0,0,28.0,98.93310227999343,99.77362008123045,99.18525762036452,628.5813586461663,6.3536,628.5813586461663,150.71627172923326,106.42906793230834,REVIEW,106.42906793230834,1,1,32.26890015630384,85.85241719562661,high fraud probability; highly unusual behavioral pattern; elevated transaction velocity; multiple recent failed attempts,REVIEW,1
TX_0015796,CUST_02125,MER_0095,DEV_04733,IP_02314,2026-06-07 13:37:00,4206.44,Kolkata,1297,53,0,0,1,2.658,1,1,0.718238459426646,99.43405020307611,REVIEW,1.0,1.0,1.0,1.0,0,0,0,19.0,71.8238459426646,99.43405020307611,80.10690722078806,3021.2269852706204,42.0644,3021.2269852706204,629.2453970541239,226.06134926353116,REVIEW,226.06134926353116,1,1,100.0,85.74213803225513,high fraud probability; highly unusual behavioral pattern; unusual transaction location,REVIEW,1
TX_0009132,CUST_01520,MER_0037,DEV_01356,IP_05976,2026-06-15 14:25:00,556.27,Mumbai,449,28,6,6,0,1.05,2,1,0.9990464007107354,99.80025301285039,REVIEW,1.0,1.0,4.0,5.0,0,0,0,29.5,99.90464007107353,99.80025301285039,99.87332395360659,555.7395413233608,5.5626999999999995,555.7395413233608,136.14790826467214,102.78697706616806,REVIEW,102.78697706616806,1,1,28.529487114441004,85.59829336228009,high fraud probability; highly unusual behavioral pattern; elevated transaction velocity; multiple recent failed attempts,REVIEW,1
TX_0015149,CUST_03916,MER_0248,DEV_03457,IP_00978,2026-06-10 16:31:00,574.54,Delhi,1055,2,5,5,0,1.259,3,1,0.9956718417274525,99.60716425860576,REVIEW,3.0,2.0,9.0,9.0,1,1,2,67.0,99.56718417274524,99.60716425860576,99.5791781985034,572.0532999460905,5.7454,572.0532999460905,139.41065998921806,103.60266499730454,REVIEW,103.60266499730454,1,1,29.366971460627667,85.53913565607989,high fraud probability; highly unusual behavioral pattern; elevated transaction velocity; multiple recent failed attempts; newly observed device,REVIEW,1
TX_0016602,CUST_02680,MER_0184,DEV_01008,IP_01891,2026-06-27 12:00:00,582.13,Kochi,1160,2,3,3,0,0.743,2,1,0.9956977163816437,99.08782209201678,REVIEW,1.0,2.0,4.0,4.0,0,1,1,36.0,99.56977163816437,99.08782209201678,99.42518677432008,579.6255116372463,5.8213,579.6255116372463,140.92510232744922,103.98127558186235,REVIEW,103.98127558186235,1,1,29.755699092561542,85.46237226519952,high fraud probability; highly unusual behavioral pattern; multiple recent failed attempts; newly observed device,REVIEW,1
TX_0013382,CUST_01724,MER_0294,DEV_03275,IP_03490,2026-06-04 00:38:00,567.69,Ahmedabad,1283,14,5,7,0,1.067,2,1,0.9915506157940434,99.60716425860576,REVIEW,2.0,2.0,12.0,9.0,1,1,3,63.5,99.15506157940433,99.60716425860576,99.29069238316475,562.8933690801206,5.676900000000001,562.8933690801206,137.5786738160241,103.14466845400605,REVIEW,103.14466845400605,1,1,28.896736557083518,85.2390273787006,high fraud probability; highly unusual behavioral pattern; elevated transaction velocity; multiple recent failed attempts,REVIEW,1
TX_0013602,CUST_01293,MER_0177,DEV_00897,IP_00710,2026-06-17 07:56:00,10739.68,Jaipur,1160,631,1,0,0,5.498,1,0,0.7360008251108795,94.6201478127705,REVIEW,1.0,1.0,9.0,9.0,0,0,0,43.0,73.60008251108795,94.6201478127705,79.90610210159271,7904.413341426811,107.3968,7904.413341426811,1605.882668285362,470.22066707134087,REVIEW,470.22066707134087,1,0,100.0,85.18608559937512,high fraud probability; highly unusual behavioral pattern; transaction amount is significantly above normal customer behavior,REVIEW,1
TX_0007848,CUST_03488,MER_0251,DEV_04770,IP_04075,2026-06-02 16:01:00,935.1,Pune,902,2,0,2,0,1.136,1,1,0.9565981548347728,93.841134562887,REVIEW,1.0,1.0,2.0,5.0,0,0,0,26.5,95.65981548347729,93.841134562887,95.1142112073002,894.5149345859961,9.351,894.5149345859961,203.90298691719917,119.72574672929984,REVIEW,119.72574672929984,1,1,45.92088631875341,85.16642537435543,high fraud probability; highly unusual behavioral pattern; newly observed device,REVIEW,1
TX_0004131,CUST_00978,MER_0169,DEV_00650,IP_03787,2026-06-22 13:11:00,580.97,Kolkata,475,24,4,3,0,0.86,2,1,0.9879425252660571,99.28756907916639,REVIEW,0.0,1.0,0.0,2.0,0,0,0,11.0,98.7942525266057,99.28756907916639,98.9422474923739,573.9649689038212,5.8097,573.9649689038212,139.79299378076422,103.69824844519108,REVIEW,103.69824844519108,1,1,29.465109042788512,85.07641879561046,high fraud probability; highly unusual behavioral pattern; elevated transaction velocity; multiple recent failed attempts,REVIEW,1
TX_0013319,CUST_03756,MER_0103,DEV_00449,IP_03918,2026-06-16 14:47:00,949.26,Chennai,932,25,3,6,0,0.866,1,1,0.9387099526276099,96.3113389706372,REVIEW,1.0,1.0,1.0,3.0,0,0,0,22.0,93.870995262761,96.3113389706372,94.60309837512385,891.079809631285,9.4926,891.079809631285,203.21596192625697,119.55399048156428,REVIEW,119.55399048156428,1,1,45.744540484338685,84.9778074194394,high fraud probability; highly unusual behavioral pattern; multiple recent failed attempts,REVIEW,1
TX_0006757,CUST_03233,MER_0040,DEV_01262,IP_05284,2026-06-28 07:01:00,1166.33,Delhi,518,1,0,1,0,1.058,1,0,0.9333281700091417,89.46667554431053,REVIEW,1.0,1.0,5.0,6.0,0,0,0,32.5,93.33281700091418,89.46667554431053,92.17297456393308,1088.5686445267622,11.6633,1088.5686445267622,242.71372890535238,129.42843222633815,REVIEW,129.42843222633815,1,0,55.882842245231664,84.68297961279657,high fraud probability; highly unusual behavioral pattern; newly observed device,REVIEW,1
TX_0018214,CUST_03498,MER_0122,DEV_00589,IP_02280,2026-05-27 12:29:00,4663.73,Ahmedabad,2641,643,1,1,1,2.806,1,1,0.6942898864293562,99.76696184832545,REVIEW,2.0,2.0,5.0,14.0,1,1,3,59.5,69.42898864293562,99.76696184832545,78.53038060455256,3237.980572037181,46.637299999999996,3237.980572037181,672.5961144074361,236.8990286018592,REVIEW,236.8990286018592,1,1,100.0,84.64458287596544,highly unusual behavioral pattern; unusual transaction location,REVIEW,1
TX_0006026,CUST_02424,MER_0250,DEV_01712,IP_02329,2026-06-06 19:54:00,727.83,Mumbai,1058,1059,14,2,0,0.621,1,1,0.9583569730070332,98.2555429788934,REVIEW,2.0,2.0,6.0,4.0,1,1,2,47.0,95.83569730070332,98.2555429788934,96.56165100416034,697.520955663709,7.278300000000001,697.520955663709,164.50419113274177,109.87604778318547,REVIEW,109.87604778318547,1,1,35.8079885215176,84.5561092483232,high fraud probability; highly unusual behavioral pattern; elevated transaction velocity,REVIEW,1
TX_0014001,CUST_02459,MER_0100,DEV_04934,IP_04324,2026-06-13 21:53:00,526.84,Jaipur,1089,4,1,3,0,0.914,2,1,0.9899777333310891,98.47526466475797,REVIEW,0.0,2.0,0.0,7.0,0,1,1,26.5,98.99777333310891,98.47526466475797,98.84102073260362,521.559869028151,5.268400000000001,521.559869028151,129.31197380563017,101.07799345140756,REVIEW,101.07799345140756,1,1,26.774836873070797,84.396433440596,high fraud probability; highly unusual behavioral pattern; multiple recent failed attempts; newly observed device,REVIEW,1
TX_0000543,CUST_00936,MER_0009,DEV_00946,IP_00954,2026-05-28 00:23:00,433.67,Hyderabad,614,9,7,4,0,0.715,3,1,0.9961717826555417,99.80025301285039,REVIEW,1.0,3.0,8.0,14.0,0,1,2,64.0,99.61717826555417,99.80025301285039,99.67210068974303,432.0098169842288,4.3367,432.0098169842288,111.40196339684574,96.60049084921145,REVIEW,96.60049084921145,1,1,22.177688630207037,84.1842027626736,high fraud probability; highly unusual behavioral pattern; elevated transaction velocity; multiple recent failed attempts; newly observed device,REVIEW,1
TX_0005331,CUST_03838,MER_0039,DEV_04120,IP_02981,2026-06-02 22:03:00,15059.91,Delhi,449,394,2,0,0,5.184,1,0,0.7100421112977858,95.26599640455423,REVIEW,2.0,2.0,7.0,8.0,1,1,2,54.5,71.00421112977858,95.26599640455423,78.28274671221126,10693.170292354638,150.5991,10693.170292354638,2163.6340584709274,609.6585146177324,REVIEW,609.6585146177324,1,0,100.0,84.08190448625555,high fraud probability; highly unusual behavioral pattern; transaction amount is significantly above normal customer behavior,REVIEW,1
TX_0005266,CUST_00365,MER_0055,DEV_03701,IP_03525,2026-06-11 22:42:00,3425.76,Ahmedabad,1447,3,1,1,0,2.125,1,1,0.7266889741438383,92.22318396697517,REVIEW,2.0,1.0,6.0,2.0,1,0,1,36.0,72.66889741438382,92.22318396697517,78.53518338016121,2489.4620200629956,34.257600000000004,2489.4620200629956,522.892404012599,199.4731010031499,REVIEW,199.4731010031499,1,1,100.0,84.00140389728446,high fraud probability; highly unusual behavioral pattern; newly observed device,REVIEW,1
TX_0012835,CUST_02723,MER_0238,DEV_04782,IP_05808,2026-06-13 08:35:00,1892.25,Bengaluru,1768,3,0,1,0,1.158,1,1,0.8034907611004425,93.49490645182769,REVIEW,0.0,1.0,0.0,4.0,0,0,0,14.0,80.34907611004425,93.49490645182769,84.29282521257929,1520.4053926923123,18.9225,1520.4053926923123,329.0810785384624,151.0202696346157,REVIEW,151.0202696346157,1,1,78.05164620147677,83.83333923086579,high fraud probability; highly unusual behavioral pattern; newly observed device,REVIEW,1
TX_0003577,CUST_01169,MER_0214,DEV_04042,IP_03091,2026-06-24 18:33:00,2003.25,Ahmedabad,1377,226,0,0,1,2.478,1,1,0.7653688945851187,99.24761968173647,REVIEW,3.0,2.0,10.0,8.0,1,1,3,67.0,76.53688945851187,99.24761968173647,83.35010852547924,1533.225238077639,20.0325,1533.225238077639,331.64504761552774,151.661261903882,REVIEW,151.661261903882,1,1,78.7097667535233,83.78468398448153,high fraud probability; highly unusual behavioral pattern; unusual transaction location,REVIEW,1
TX_0007889,CUST_02456,MER_0206,DEV_03253,IP_02155,2026-06-07 05:40:00,911.82,Kolkata,1142,26,3,7,0,0.553,1,1,0.918845745657888,97.22351687862042,REVIEW,4.0,1.0,18.0,2.0,1,0,2,61.0,91.8845745657888,97.22351687862042,93.48625725963828,837.8219278057755,9.1182,837.8219278057755,192.56438556115506,116.89109639028882,REVIEW,116.89109639028882,1,1,43.01048983596273,83.71144031367307,high fraud probability; highly unusual behavioral pattern; multiple recent failed attempts,REVIEW,1
TX_0003635,CUST_03184,MER_0062,DEV_02395,IP_02036,2026-05-29 16:22:00,13031.26,Pune,557,110,0,0,0,5.266,1,0,0.6918702129863644,96.79738997270124,REVIEW,2.0,1.0,9.0,4.0,1,0,1,43.5,69.18702129863644,96.79738997270124,77.47013190085588,9015.94063168069,130.3126,9015.94063168069,1828.1881263361377,525.7970315840349,REVIEW,525.7970315840349,1,0,100.0,83.63272764112858,highly unusual behavioral pattern; transaction amount is significantly above normal customer behavior,REVIEW,1
TX_0019482,CUST_01872,MER_0031,DEV_04126,IP_03055,2026-06-20 04:20:00,10229.17,Delhi,356,735,0,0,0,5.716,1,1,0.6868994860279819,96.58432651974167,REVIEW,2.0,1.0,5.0,2.0,1,0,1,34.5,68.6899486027982,96.58432651974167,77.05826197788124,7026.4116154928515,102.2917,7026.4116154928515,1430.28232309857,426.3205807746429,REVIEW,426.3205807746429,1,1,100.0,83.32027225732159,highly unusual behavioral pattern; transaction amount is significantly above normal customer behavior,REVIEW,1
TX_0004048,CUST_01097,MER_0013,DEV_02669,IP_03998,2026-06-28 00:37:00,331.28,Jaipur,425,24,7,6,0,0.512,2,1,0.9961136873576755,99.8468606431853,REVIEW,0.0,2.0,0.0,8.0,0,1,1,28.0,99.61136873576754,99.8468606431853,99.68201630799285,329.9925423478507,3.3127999999999997,329.9925423478507,90.99850846957013,91.49962711739255,VERIFY,90.99850846957013,1,1,16.940522105654406,83.14784698197023,high fraud probability; highly unusual behavioral pattern; elevated transaction velocity; multiple recent failed attempts,REVIEW,1
TX_0014583,CUST_03941,MER_0011,DEV_01435,IP_05083,2026-06-06 12:56:00,1399.6,Kochi,1358,5,2,2,0,1.662,1,1,0.847018849625639,95.0196417870697,REVIEW,1.0,2.0,2.0,11.0,0,1,2,43.5,84.7018849625639,95.0196417870697,87.79721200991563,1185.4875819360443,13.995999999999999,1185.4875819360443,262.09751638720877,134.27437909680228,REVIEW,134.27437909680228,1,1,60.85828014439415,83.02849104628169,high fraud probability; highly unusual behavioral pattern; newly observed device,REVIEW,1
TX_0007535,CUST_00514,MER_0129,DEV_03731,IP_00451,2026-05-29 10:37:00,9605.86,Jaipur,589,46,0,0,0,6.352,1,0,0.6707357665866145,97.98921366269391,REVIEW,3.0,1.0,12.0,3.0,1,0,2,54.5,67.07357665866145,97.98921366269391,76.34826775987119,6442.993870823697,96.05860000000001,6442.993870823697,1313.598774164739,397.1496935411851,REVIEW,397.1496935411851,1,0,100.0,82.9335524281389,highly unusual behavioral pattern; transaction amount is significantly above normal customer behavior,REVIEW,1
TX_0005066,CUST_03221,MER_0069,DEV_04314,IP_04104,2026-06-20 10:53:00,2380.66,Ahmedabad,733,87,2,0,1,2.686,1,1,0.7147346937933008,98.94799920101205,REVIEW,3.0,1.0,11.0,7.0,1,0,2,59.0,71.47346937933008,98.94799920101205,79.71582832583468,1701.5402961259595,23.8066,1701.5402961259595,365.3080592251918,160.07701480629805,REVIEW,160.07701480629805,1,1,87.35040130027745,82.89121471002416,high fraud probability; highly unusual behavioral pattern; unusual transaction location,REVIEW,1
TX_0014710,CUST_00402,MER_0187,DEV_03642,IP_03004,2026-05-27 03:24:00,358.31,Ahmedabad,573,23,5,3,0,0.687,2,1,0.9872683057069545,99.58053132698582,REVIEW,2.0,1.0,11.0,4.0,1,0,2,46.5,98.72683057069544,99.58053132698582,98.98294079758254,353.74810661785887,3.5831,353.74810661785887,95.74962132357176,92.68740533089296,REVIEW,92.68740533089296,1,1,18.16003954924608,82.86958259329269,high fraud probability; highly unusual behavioral pattern; elevated transaction velocity; multiple recent failed attempts,REVIEW,1
TX_0000376,CUST_00382,MER_0115,DEV_04596,IP_00839,2026-06-22 00:29:00,364.5,Hyderabad,687,499,7,3,0,0.568,2,1,0.9839865832723458,99.62048072441574,REVIEW,1.0,1.0,3.0,3.0,0,0,0,25.0,98.39865832723459,99.62048072441574,98.76520504638893,358.66310960277,3.645,358.66310960277,96.73262192055398,92.93315548013851,REVIEW,92.93315548013851,1,1,18.41235651411699,82.7679446837654,high fraud probability; highly unusual behavioral pattern; elevated transaction velocity; multiple recent failed attempts,REVIEW,1
TX_0014722,CUST_02925,MER_0092,DEV_02329,IP_03557,2026-06-29 02:48:00,363.64,Delhi,806,1,2,4,0,0.803,2,1,0.9869879294123706,98.91470803648713,REVIEW,1.0,2.0,2.0,10.0,0,1,2,42.0,98.69879294123706,98.91470803648713,98.76356746981207,358.9082906515144,3.6364,358.9082906515144,96.78165813030286,92.94541453257574,REVIEW,92.94541453257574,1,1,18.424943146974172,82.7087975109595,high fraud probability; highly unusual behavioral pattern; multiple recent failed attempts; newly observed device,REVIEW,1
TX_0017305,CUST_01809,MER_0037,DEV_01830,IP_05470,2026-05-30 03:14:00,351.77,Ahmedabad,277,17,4,3,0,0.817,2,1,0.983873506354876,99.52726546374592,REVIEW,1.0,1.0,1.0,3.0,0,0,0,22.0,98.3873506354876,99.52726546374592,98.7293250839651,346.0971833304547,3.5177,346.0971833304547,94.21943666609093,92.30485916652275,REVIEW,92.30485916652275,1,1,17.767271172855587,82.60530919143869,high fraud probability; highly unusual behavioral pattern; elevated transaction velocity; multiple recent failed attempts,REVIEW,1
TX_0001061,CUST_00816,MER_0211,DEV_00228,IP_00170,2026-06-18 10:12:00,6084.11,Mumbai,792,1134,0,0,0,6.507,1,1,0.660563308534265,98.26220121179838,REVIEW,1.0,1.0,4.0,4.0,0,0,0,28.0,66.0563308534265,98.26220121179838,75.71809196093807,4018.939831086407,60.8411,4018.939831086407,828.7879662172812,275.94699155432056,REVIEW,275.94699155432056,1,1,100.0,82.50682579025276,highly unusual behavioral pattern; transaction amount is significantly above normal customer behavior,REVIEW,1
TX_0004159,CUST_01886,MER_0138,DEV_00578,IP_00061,2026-06-06 09:29:00,7069.03,Kolkata,706,497,2,0,0,6.348,1,0,0.6621708791423551,95.96511085957788,REVIEW,1.0,1.0,4.0,4.0,0,0,0,28.0,66.2170879142355,95.96511085957788,75.14149479783822,4680.905809783682,70.6903,4680.905809783682,961.1811619567362,309.04529048918437,REVIEW,309.04529048918437,1,0,100.0,81.89807721499112,highly unusual behavioral pattern; transaction amount is significantly above normal customer behavior,REVIEW,1
TX_0017101,CUST_03699,MER_0092,DEV_02899,IP_01776,2026-06-29 07:20:00,10483.86,Kolkata,855,998,5,0,0,9.504,2,1,0.6325304673864784,99.80025301285039,REVIEW,4.0,2.0,16.0,10.0,1,1,4,81.0,63.253046738647846,99.80025301285039,74.21720862090861,6631.360865814407,104.83860000000001,6631.360865814407,1351.272173162881,406.56804329072065,REVIEW,406.56804329072065,1,1,100.0,81.56659927317904,highly unusual behavioral pattern; transaction amount is significantly above normal customer behavior; elevated transaction velocity,REVIEW,1
TX_0005457,CUST_02013,MER_0264,DEV_01840,IP_05952,2026-05-31 02:23:00,7237.82,Bengaluru,554,727,2,0,0,6.281,1,0,0.6441541026821266,95.78533857114321,REVIEW,5.0,1.0,22.0,4.0,1,0,2,64.0,64.41541026821265,95.78533857114321,73.82638875909181,4662.271447474749,72.37819999999999,4662.271447474749,957.4542894949496,308.11357237373767,REVIEW,308.11357237373767,1,0,100.0,80.94330670544929,highly unusual behavioral pattern; transaction amount is significantly above normal customer behavior,REVIEW,1
TX_0009613,CUST_03393,MER_0021,DEV_04613,IP_00811,2026-06-29 02:44:00,859.02,Kochi,542,4,0,1,0,0.465,1,0,0.9113268079611707,90.89153738597776,REVIEW,1.0,1.0,3.0,3.0,0,0,0,25.0,91.13268079611707,90.89153738597776,91.06033777307528,782.8479545748048,8.5902,782.8479545748048,181.56959091496094,114.14239772874028,REVIEW,114.14239772874028,1,0,40.1883417894374,80.87146997173934,high fraud probability; highly unusual behavioral pattern; newly observed device,REVIEW,1
TX_0007364,CUST_01951,MER_0056,DEV_02482,IP_04096,2026-06-28 20:35:00,666.23,Kochi,492,5,0,2,0,1.281,1,1,0.9215652350525875,94.78660363539517,REVIEW,0.0,2.0,0.0,9.0,0,1,1,29.5,92.15652350525875,94.78660363539517,92.94554754429967,613.9744065490854,6.6623,613.9744065490854,147.79488130981707,105.6987203274543,REVIEW,105.6987203274543,1,1,31.519036558974445,80.81805015504281,high fraud probability; highly unusual behavioral pattern; newly observed device,REVIEW,1
TX_0011343,CUST_03880,MER_0030,DEV_03233,IP_00408,2026-06-23 22:15:00,668.24,Hyderabad,743,5,0,2,0,0.564,1,1,0.9229445340342507,94.30055263333111,REVIEW,1.0,1.0,7.0,3.0,0,0,0,31.0,92.29445340342507,94.30055263333111,92.89628317239688,616.7484554230477,6.6824,616.7484554230477,148.3496910846095,105.83742277115242,REVIEW,105.83742277115242,1,1,31.661445341721983,80.76968156005626,high fraud probability; highly unusual behavioral pattern; newly observed device,REVIEW,1
TX_0017732,CUST_00888,MER_0177,DEV_04711,IP_04969,2026-06-18 17:22:00,787.22,Hyderabad,683,816,7,1,0,0.776,1,1,0.8981731278042745,94.73333777215527,REVIEW,1.0,4.0,2.0,15.0,0,1,2,61.0,89.81731278042744,94.73333777215527,91.29212027794578,707.059849670081,7.8722,707.059849670081,166.41196993401616,110.35299248350408,REVIEW,110.35299248350408,1,1,36.29767790549192,80.58819330295869,high fraud probability; highly unusual behavioral pattern; elevated transaction velocity,REVIEW,1
TX_0008958,CUST_03093,MER_0136,DEV_03087,IP_03558,2026-06-13 02:50:00,6226.39,Mumbai,456,1196,0,2,1,2.569,1,1,0.6051516690004984,99.86017710899527,REVIEW,3.0,3.0,14.0,11.0,1,1,4,84.5,60.51516690004984,99.86017710899527,72.31866996273347,3767.9103003480136,62.26390000000001,3767.9103003480136,778.5820600696026,263.39551501740084,REVIEW,263.39551501740084,1,1,100.0,80.2156365827235,highly unusual behavioral pattern; unusual transaction location,REVIEW,1
TX_0003778,CUST_00922,MER_0112,DEV_00722,IP_00779,2026-05-27 19:06:00,5966.65,Kochi,637,64,1,0,0,5.859,1,1,0.6021027499528244,96.0450096544377,REVIEW,4.0,1.0,15.0,4.0,1,0,2,64.0,60.21027499528244,96.0450096544377,70.96069539302901,3592.5363730060194,59.6665,3592.5363730060194,743.5072746012037,254.62681865030112,REVIEW,254.62681865030112,1,1,100.0,78.91864039397254,highly unusual behavioral pattern; transaction amount is significantly above normal customer behavior,REVIEW,1
TX_0010142,CUST_02707,MER_0173,DEV_03247,IP_04934,2026-05-28 06:13:00,782.0,Mumbai,1109,2,1,1,0,0.93,1,0,0.9055852689191496,87.19621812370997,REVIEW,4.0,1.0,13.0,4.0,1,0,2,63.5,90.55852689191497,87.19621812370997,89.54983426145346,708.167680294775,7.82,708.167680294775,166.63353605895497,110.40838401473877,REVIEW,110.40838401473877,1,0,36.35454958220748,78.70903879951197,high fraud probability; highly unusual behavioral pattern; newly observed device,REVIEW,1
TX_0004217,CUST_03960,MER_0079,DEV_03763,IP_02801,2026-05-26 00:02:00,4364.19,Mumbai,1723,1027,0,2,1,2.916,1,1,0.5744032966320747,99.82022771156535,REVIEW,3.0,2.0,14.0,7.0,1,1,3,70.5,57.440329663207464,99.82022771156535,70.15429907771482,2506.8051231287336,43.6419,2506.8051231287336,526.3610246257466,200.3402561564368,REVIEW,200.3402561564368,1,1,100.0,78.66623314507333,highly unusual behavioral pattern; unusual transaction location,REVIEW,1
TX_0014360,CUST_00050,MER_0141,DEV_04142,IP_04364,2026-06-21 02:22:00,696.51,Hyderabad,1091,71,13,1,0,1.168,1,1,0.8658758958254243,95.96511085957788,REVIEW,2.0,1.0,6.0,5.0,1,0,1,40.5,86.58758958254244,95.96511085957788,89.40084596565306,603.0912202013664,6.9651,603.0912202013664,145.61824404027323,105.15456101006835,REVIEW,105.15456101006835,1,1,30.96033648171892,78.27539534548836,high fraud probability; highly unusual behavioral pattern; elevated transaction velocity,REVIEW,1
TX_0002095,CUST_02826,MER_0006,DEV_01938,IP_01532,2026-05-30 05:50:00,2360.34,Bengaluru,1531,2,2,1,0,2.521,1,0,0.6659899461069152,94.0475397829416,REVIEW,2.0,1.0,6.0,3.0,1,0,1,37.5,66.59899461069152,94.0475397829416,74.83355816236654,1571.9627093939964,23.6034,1571.9627093939964,339.3925418787992,153.5981354696999,REVIEW,153.5981354696999,1,0,80.69839651007142,77.65343854224253,highly unusual behavioral pattern; newly observed device,REVIEW,1
TX_0008226,CUST_03152,MER_0043,DEV_00016,IP_04910,2026-06-04 12:43:00,662.49,Chennai,523,4,0,1,0,0.527,1,0,0.8869743930547177,90.8715626872628,REVIEW,2.0,3.0,7.0,10.0,1,1,3,65.5,88.69743930547178,90.8715626872628,89.34967632000908,587.61166565482,6.6249,587.61166565482,142.52233313096394,104.38058328274103,REVIEW,104.38058328274103,1,0,30.165676899063776,77.64332383872747,high fraud probability; highly unusual behavioral pattern; newly observed device,REVIEW,1
TX_0005263,CUST_00274,MER_0125,DEV_00968,IP_02637,2026-06-27 05:05:00,694.61,Kochi,466,1,3,1,0,0.87,1,0,0.8854592454298901,89.72634662760504,REVIEW,1.0,1.0,8.0,8.0,0,0,0,40.0,88.54592454298901,89.72634662760504,88.90005116837382,615.048846468056,6.9461,615.048846468056,148.00976929361116,105.75244232340283,REVIEW,105.75244232340283,1,0,31.574194087896206,77.50570507735526,high fraud probability; highly unusual behavioral pattern; newly observed device,REVIEW,1
TX_0015731,CUST_01230,MER_0099,DEV_02981,IP_01561,2026-06-02 12:17:00,5679.57,Delhi,266,862,3,0,0,5.889,1,0,0.562288585225446,97.3833144683401,REVIEW,1.0,3.0,6.0,13.0,0,1,2,60.5,56.2288585225446,97.3833144683401,68.57519530628325,3193.557379988886,56.7957,3193.557379988886,663.7114759977771,234.67786899944446,REVIEW,234.67786899944446,1,0,100.0,77.32942360177432,highly unusual behavioral pattern; transaction amount is significantly above normal customer behavior,REVIEW,1
TX_0003719,CUST_00534,MER_0006,DEV_02962,IP_05367,2026-06-19 11:16:00,573.7,Jaipur,765,1,1,1,0,1.156,1,0,0.919090387854247,86.40388840801651,REVIEW,3.0,1.0,13.0,5.0,1,0,2,59.0,91.9090387854247,86.40388840801651,90.25749367220223,527.2821555119815,5.737000000000001,527.2821555119815,130.45643110239627,101.3641077755991,REVIEW,101.3641077755991,1,0,27.068596604683258,77.28940523605395,high fraud probability; highly unusual behavioral pattern; newly observed device,REVIEW,1
TX_0006944,CUST_00246,MER_0147,DEV_01229,IP_01035,2026-06-11 17:04:00,672.88,Mumbai,1186,1151,13,1,0,0.586,1,1,0.8465641471303659,96.80404820560624,REVIEW,1.0,1.0,4.0,5.0,0,0,0,29.5,84.65641471303658,96.80404820560624,88.30070476080746,569.6360833210806,6.7288,569.6360833210806,138.92721666421608,103.48180416605405,REVIEW,103.48180416605405,1,1,29.242881045193457,77.21799802723885,high fraud probability; highly unusual behavioral pattern; elevated transaction velocity,REVIEW,1
TX_0005028,CUST_02833,MER_0167,DEV_01565,IP_01518,2026-06-21 11:28:00,572.56,Mumbai,964,432,7,2,0,0.699,1,1,0.8422793152254006,96.88394700046608,REVIEW,1.0,1.0,4.0,4.0,0,0,0,28.0,84.22793152254006,96.88394700046608,88.02473616591786,482.2554447254553,5.725599999999999,482.2554447254553,121.45108894509103,99.11277223627279,REVIEW,99.11277223627279,1,1,24.757101975147055,76.13057025643927,high fraud probability; highly unusual behavioral pattern; elevated transaction velocity,REVIEW,1
TX_0018643,CUST_02075,MER_0140,DEV_03981,IP_05933,2026-05-27 06:50:00,498.88,Kochi,572,1,1,1,0,0.809,1,0,0.9047615018343074,87.24282575404487,REVIEW,3.0,1.0,18.0,6.0,1,0,2,61.0,90.47615018343073,87.24282575404487,89.50615285461497,451.36741803509926,4.9888,451.36741803509926,115.27348360701983,97.56837090175497,REVIEW,97.56837090175497,1,0,23.17143190143841,76.0452091982165,high fraud probability; highly unusual behavioral pattern; newly observed device,REVIEW,1
TX_0017541,CUST_00235,MER_0186,DEV_01896,IP_02958,2026-05-27 02:20:00,408.99,Delhi,517,2,1,1,0,0.721,1,1,0.9149214088897838,87.62900326253413,REVIEW,2.0,2.0,8.0,14.0,1,1,3,64.0,91.49214088897838,87.62900326253413,90.3331996010451,374.19370702183267,4.0899,374.19370702183267,99.83874140436652,93.70968535109165,REVIEW,93.70968535109165,1,1,19.209636437535124,75.87669871075644,high fraud probability; highly unusual behavioral pattern; newly observed device,REVIEW,1
TX_0013721,CUST_03356,MER_0290,DEV_03266,IP_04578,2026-06-04 10:08:00,674.18,Pune,920,2,0,1,0,1.24,1,1,0.8631898855216993,89.1271056661562,REVIEW,0.0,3.0,0.0,16.0,0,1,2,44.0,86.31898855216993,89.1271056661562,87.16142368636581,581.9453570210192,6.7418,581.9453570210192,141.3890714042038,104.09726785105099,REVIEW,104.09726785105099,1,1,29.874790850593087,75.87258414605043,high fraud probability; highly unusual behavioral pattern; newly observed device,REVIEW,1
TX_0002688,CUST_01937,MER_0249,DEV_01088,IP_05251,2026-06-02 04:41:00,654.32,Jaipur,826,3,1,1,0,0.634,1,0,0.8697361569990903,87.01644583527532,REVIEW,4.0,3.0,14.0,8.0,1,1,3,86.0,86.97361569990903,87.01644583527532,86.98646474051891,569.0857622476449,6.543200000000001,569.0857622476449,138.81715244952895,103.45428811238227,REVIEW,103.45428811238227,1,0,29.214629720956204,75.43466754472836,high fraud probability; highly unusual behavioral pattern; newly observed device,REVIEW,1
TX_0009906,CUST_00644,MER_0039,DEV_04141,IP_04529,2026-06-28 02:00:00,680.95,Delhi,1210,5,2,1,0,0.956,1,1,0.8526480773474051,88.72761169185698,REVIEW,0.0,3.0,0.0,10.0,0,1,2,39.0,85.26480773474051,88.72761169185698,86.30364892187545,580.6107082697156,6.809500000000001,580.6107082697156,141.1221416539431,104.03053541348581,REVIEW,104.03053541348581,1,1,29.806275221379536,75.21194241920325,high fraud probability; highly unusual behavioral pattern; newly observed device,REVIEW,1
TX_0013612,CUST_03433,MER_0177,DEV_00717,IP_00969,2026-06-07 20:37:00,12952.28,Mumbai,308,181,2,0,0,4.986,1,0,0.5220766682189918,96.09161728477262,REVIEW,2.0,1.0,7.0,5.0,1,0,1,42.0,52.20766682189918,96.09161728477262,65.37285196076121,6762.083188239483,129.52280000000002,6762.083188239483,1377.4166376478963,413.1041594119745,REVIEW,413.1041594119745,1,0,100.0,74.93131859638137,highly unusual behavioral pattern; transaction amount is significantly above normal customer behavior,VERIFY,1
TX_0008125,CUST_02726,MER_0086,DEV_02625,IP_04127,2026-06-01 04:25:00,6310.08,Pune,966,57,1,1,0,5.181,1,0,0.5224936199406601,95.83194620147812,REVIEW,1.0,1.0,4.0,4.0,0,0,0,28.0,52.249361994066014,95.83194620147812,65.32413725628965,3296.976541315161,63.1008,3296.976541315161,684.395308263032,239.8488270657582,REVIEW,239.8488270657582,1,0,100.0,74.87426485747645,highly unusual behavioral pattern; transaction amount is significantly above normal customer behavior,VERIFY,1
TX_0002189,CUST_01510,MER_0107,DEV_01749,IP_01903,2026-06-27 02:20:00,1208.37,Bengaluru,1340,596,0,0,1,2.812,1,1,0.7171110886297146,99.30754377788135,REVIEW,1.0,2.0,4.0,9.0,0,1,1,43.5,71.71110886297146,99.30754377788135,79.99003933744441,866.5355261674882,12.083699999999999,866.5355261674882,198.3071052334976,118.32677630837445,REVIEW,118.32677630837445,1,1,44.48453329257735,74.5447242233656,high fraud probability; highly unusual behavioral pattern; unusual transaction location,VERIFY,1
TX_0005388,CUST_02116,MER_0101,DEV_03412,IP_02499,2026-06-15 17:43:00,1285.86,Bengaluru,1208,6,2,1,0,1.407,1,0,0.7434352497191615,89.56654903788535,REVIEW,2.0,1.0,4.0,3.0,1,0,1,34.5,74.34352497191615,89.56654903788535,78.91043219170692,955.953650203881,12.8586,955.953650203881,216.19073004077617,122.7976825101941,REVIEW,122.7976825101941,1,0,49.074908869271134,73.85670897117791,high fraud probability; highly unusual behavioral pattern; newly observed device,VERIFY,1
TX_0000629,CUST_00719,MER_0096,DEV_02506,IP_04085,2026-06-27 16:57:00,336.62,Kolkata,1215,6,1,2,0,0.668,1,1,0.8567808671775848,93.04880484719355,REVIEW,1.0,2.0,2.0,8.0,0,1,1,39.0,85.67808671775849,93.04880484719355,87.889302156589,288.4095755093186,3.3662,288.4095755093186,82.6819151018637,89.42047877546594,VERIFY,82.6819151018637,1,1,14.805815775823813,73.71484796820208,high fraud probability; highly unusual behavioral pattern; newly observed device,VERIFY,1
TX_0015827,CUST_00107,MER_0173,DEV_04821,IP_00525,2026-06-23 01:25:00,6269.67,Ahmedabad,914,552,1,0,0,5.123,1,0,0.511570883093571,93.15533657367334,REVIEW,2.0,1.0,7.0,4.0,1,0,1,40.5,51.1570883093571,93.15533657367334,63.75656278865196,3207.3806186052693,62.6967,3207.3806186052693,666.4761237210537,235.36903093026362,REVIEW,235.36903093026362,1,0,100.0,73.52514512678056,highly unusual behavioral pattern; transaction amount is significantly above normal customer behavior,VERIFY,1
TX_0004235,CUST_01975,MER_0219,DEV_00284,IP_00420,2026-06-13 04:57:00,2783.74,Hyderabad,1186,473,6,2,0,1.087,1,0,0.563908888148934,97.11032691923563,REVIEW,3.0,1.0,15.0,3.0,1,0,2,56.5,56.3908888148934,97.11032691923563,68.60672024619606,1569.7757282957134,27.8374,1569.7757282957134,338.9551456591426,153.48878641478575,REVIEW,153.48878641478575,1,0,80.58612548304605,73.4457675798266,highly unusual behavioral pattern; elevated transaction velocity,VERIFY,1
TX_0016691,CUST_01269,MER_0298,DEV_00765,IP_04479,2026-06-17 07:23:00,1363.04,Jaipur,2006,1161,1,0,1,2.55,1,1,0.6741814098335334,99.62713895732072,REVIEW,1.0,2.0,8.0,9.0,0,1,1,49.5,67.41814098335334,99.62713895732072,77.08084037554354,918.9362288594992,13.6304,918.9362288594992,208.78724577189982,120.946811442975,REVIEW,120.946811442975,1,1,47.17457972814226,73.03212812450134,highly unusual behavioral pattern; unusual transaction location,VERIFY,1
TX_0012573,CUST_00762,MER_0021,DEV_03786,IP_05266,2026-05-31 00:57:00,13081.35,Kolkata,707,176,0,0,0,4.918,1,0,0.4824231815852191,95.16612291097942,APPROVE,1.0,1.0,2.0,2.0,0,0,0,22.0,48.242318158521904,95.16612291097942,62.31945958425916,6310.746486429805,130.8135,6310.746486429805,1287.1492972859608,390.53732432149053,REVIEW,390.53732432149053,1,0,100.0,72.67099595255478,highly unusual behavioral pattern; transaction amount is significantly above normal customer behavior,VERIFY,1
TX_0019420,CUST_03638,MER_0280,DEV_04764,IP_05084,2026-06-15 03:11:00,824.08,Bengaluru,946,6,1,1,0,0.835,1,0,0.7950150690468836,86.35062254477661,REVIEW,1.0,1.0,3.0,3.0,0,0,0,25.0,79.50150690468836,86.35062254477661,81.55624159671483,655.1560181001558,8.2408,655.1560181001558,156.03120362003114,107.75780090500783,REVIEW,107.75780090500783,1,0,33.63313888342028,72.38256799246122,high fraud probability; highly unusual behavioral pattern; newly observed device,VERIFY,1
TX_0003749,CUST_03969,MER_0011,DEV_02021,IP_01152,2026-06-01 15:39:00,2668.72,Hyderabad,299,87,0,0,1,1.839,1,0,0.5507568416596138,98.94134096810706,REVIEW,1.0,1.0,4.0,4.0,0,0,0,28.0,55.07568416596138,98.94134096810706,68.23538120660507,1469.8157984738446,26.687199999999997,1469.8157984738446,318.9631596947688,148.4907899236923,REVIEW,148.4907899236923,1,0,75.45457496745281,72.31115936690337,highly unusual behavioral pattern; unusual transaction location,VERIFY,1
TX_0016502,CUST_01425,MER_0252,DEV_01515,IP_00574,2026-06-09 02:56:00,8737.9,Kochi,763,486,1,0,0,5.086,1,0,0.480337852838804,93.76789400093215,APPROVE,2.0,3.0,7.0,13.0,1,1,3,70.0,48.0337852838804,93.76789400093215,61.754017898995926,4197.144124320185,87.379,4197.144124320185,864.4288248640369,284.85720621600944,REVIEW,284.85720621600944,1,0,100.0,72.14726084221985,highly unusual behavioral pattern; transaction amount is significantly above normal customer behavior,VERIFY,1
TX_0018610,CUST_03185,MER_0196,DEV_04456,IP_05406,2026-05-25 02:32:00,5336.73,Jaipur,246,494,0,2,0,3.482,1,0,0.4531969910253355,97.42992209867502,APPROVE,2.0,2.0,5.0,10.0,1,1,3,54.5,45.31969910253355,97.42992209867502,60.95276600137599,2418.5899779146384,53.3673,2418.5899779146384,508.7179955829276,195.92949889573202,REVIEW,195.92949889573202,1,0,100.0,71.88882618086927,highly unusual behavioral pattern,VERIFY,1
TX_0018675,CUST_01479,MER_0102,DEV_02619,IP_04747,2026-06-20 06:40:00,5501.9,Kolkata,755,626,2,1,1,0.889,1,0,0.44150400665258227,97.78280844263932,APPROVE,2.0,2.0,12.0,6.0,1,1,3,59.0,44.150400665258225,97.78280844263932,60.24012299847255,2429.1108942018423,55.019,2429.1108942018423,510.82217884036834,196.45554471009223,REVIEW,196.45554471009223,1,0,100.0,71.4100428654209,highly unusual behavioral pattern; unusual transaction location,VERIFY,1
TX_0007828,CUST_01175,MER_0111,DEV_03139,IP_02492,2026-05-29 06:35:00,12893.79,Kochi,879,496,4,0,0,4.258,2,0,0.4358857558688437,97.96258073107398,APPROVE,1.0,1.0,4.0,4.0,0,0,0,28.0,43.58857558688437,97.96258073107398,59.90077713014125,5620.219400164138,128.9379,5620.219400164138,1149.0438800328275,356.01097000820715,REVIEW,356.01097000820715,1,0,100.0,71.18306201276438,highly unusual behavioral pattern; transaction amount is significantly above normal customer behavior; elevated transaction velocity,VERIFY,1
TX_0011011,CUST_00577,MER_0034,DEV_03801,IP_02561,2026-06-03 02:30:00,6065.41,Mumbai,1651,933,2,0,0,5.011,1,0,0.44670826931109275,96.15819961382249,APPROVE,1.0,1.0,4.0,6.0,0,0,0,31.0,44.670826931109275,96.15819961382249,60.11703873592323,2709.468803762195,60.6541,2709.468803762195,566.8937607524389,210.47344018810986,REVIEW,210.47344018810986,1,0,100.0,71.18287334970138,highly unusual behavioral pattern; transaction amount is significantly above normal customer behavior,VERIFY,1
TX_0013413,CUST_03062,MER_0288,DEV_04444,IP_04327,2026-05-25 11:07:00,13874.05,Kolkata,548,539,2,0,0,4.495,1,0,0.4567752955392627,92.822424928424,APPROVE,2.0,1.0,5.0,1.0,1,0,1,33.0,45.67752955392627,92.822424928424,59.82099816627559,6337.3232890765075,138.7405,6337.3232890765075,1292.4646578153013,391.86616445382566,REVIEW,391.86616445382566,1,0,100.0,70.68549225549033,highly unusual behavioral pattern; transaction amount is significantly above normal customer behavior,VERIFY,1
TX_0016450,CUST_03703,MER_0136,DEV_01724,IP_04748,2026-06-21 10:01:00,488.48,Pune,1486,322,11,1,0,1.023,1,1,0.7375313679906805,95.6388574472335,REVIEW,5.0,1.0,17.0,6.0,1,0,2,67.0,73.75313679906806,95.6388574472335,80.31885299351768,360.2693226360876,4.8848,360.2693226360876,97.05386452721751,93.01346613180439,REVIEW,93.01346613180439,1,1,18.494813187845768,69.26718827127324,high fraud probability; highly unusual behavioral pattern; elevated transaction velocity,VERIFY,1
TX_0010576,CUST_01838,MER_0167,DEV_03963,IP_05526,2026-06-01 16:46:00,6157.12,Delhi,853,783,4,0,0,4.207,2,0,0.3958250045330048,98.04247952593381,APPROVE,1.0,2.0,1.0,4.0,0,1,1,31.5,39.582500453300476,98.04247952593381,57.12049417509047,2437.1420519102544,61.5712,2437.1420519102544,512.4284103820507,196.85710259551283,REVIEW,196.85710259551283,1,0,100.0,69.20399408443038,highly unusual behavioral pattern; transaction amount is significantly above normal customer behavior; elevated transaction velocity,VERIFY,1
TX_0011616,CUST_03984,MER_0011,DEV_04868,IP_01615,2026-06-22 05:01:00,9356.35,Kochi,600,127,5,0,0,4.426,2,0,0.3835786640609467,99.52726546374592,APPROVE,1.0,2.0,8.0,11.0,0,1,2,52.5,38.35786640609467,99.52726546374592,56.708686123390045,3588.8962334866387,93.5635,3588.8962334866387,742.7792466973276,254.4448116743321,REVIEW,254.4448116743321,1,0,100.0,69.03711284217111,highly unusual behavioral pattern; transaction amount is significantly above normal customer behavior; elevated transaction velocity,VERIFY,1
TX_0002169,CUST_03070,MER_0145,DEV_03543,IP_05591,2026-05-27 01:44:00,11777.67,Kochi,1409,184,3,1,0,3.517,1,0,0.4004222238198207,94.43371729143085,APPROVE,4.0,1.0,10.0,5.0,1,0,2,60.5,40.042222381982064,94.43371729143085,56.3596708548167,4716.040812815987,117.7767,4716.040812815987,968.2081625631972,310.80204064079953,REVIEW,310.80204064079953,1,0,100.0,68.35122637842028,highly unusual behavioral pattern,VERIFY,1
TX_0010851,CUST_01803,MER_0277,DEV_02056,IP_04331,2026-05-28 04:09:00,13127.09,Mumbai,918,987,2,1,0,3.641,1,0,0.40532600580081357,92.88234902456888,APPROVE,2.0,2.0,5.0,4.0,1,1,2,45.5,40.53260058008136,92.88234902456888,56.23752511342761,5320.750957487802,131.2709,5320.750957487802,1089.1501914975602,341.0375478743903,REVIEW,341.0375478743903,1,0,100.0,68.13100499741134,highly unusual behavioral pattern,VERIFY,1
TX_0006221,CUST_00106,MER_0206,DEV_02055,IP_04720,2026-06-22 13:32:00,2138.37,Mumbai,422,878,0,0,1,1.742,1,0,0.5327908811528872,98.60842932285772,REVIEW,1.0,2.0,3.0,8.0,0,1,1,40.5,53.27908811528872,98.60842932285772,66.87789047755942,1139.3040365308993,21.3837,1139.3040365308993,252.86080730617982,131.965201826545,REVIEW,131.965201826545,1,0,58.48739816540495,67.91955248758266,highly unusual behavioral pattern; unusual transaction location,VERIFY,1
TX_0009316,CUST_00470,MER_0282,DEV_00643,IP_04711,2026-06-07 05:01:00,8197.99,Pune,1153,1077,1,0,0,4.708,1,0,0.38877227023913224,94.90645182768493,APPROVE,3.0,1.0,9.0,2.0,1,0,1,48.5,38.87722702391322,94.90645182768493,55.68599446504473,3187.151183697704,81.9799,3187.151183697704,662.4302367395406,234.35755918488533,REVIEW,234.35755918488533,1,0,100.0,67.91054906026208,highly unusual behavioral pattern; transaction amount is significantly above normal customer behavior,VERIFY,1
TX_0007839,CUST_03647,MER_0189,DEV_02602,IP_05099,2026-05-25 07:01:00,804.52,Kolkata,214,110,5,2,0,0.775,1,0,0.6461948068723615,97.76949197682934,REVIEW,1.0,2.0,4.0,9.0,0,1,1,43.5,64.61948068723615,97.76949197682934,74.5644840741141,519.8766460249523,8.0452,519.8766460249523,128.97532920499043,100.99383230124764,REVIEW,100.99383230124764,1,0,26.688426809705255,66.97827329860793,highly unusual behavioral pattern; elevated transaction velocity,VERIFY,1
TX_0011678,CUST_03615,MER_0296,DEV_00370,IP_02937,2026-06-05 04:56:00,9380.77,Kolkata,691,876,1,0,0,4.215,1,0,0.3721978656512317,92.28976629602504,APPROVE,2.0,2.0,6.0,5.0,1,1,2,48.5,37.21978656512317,92.28976629602504,53.740780484393724,3491.502572165105,93.80770000000001,3491.502572165105,723.3005144330208,249.5751286082554,REVIEW,249.5751286082554,1,0,100.0,66.2968231713691,highly unusual behavioral pattern; transaction amount is significantly above normal customer behavior,VERIFY,1
TX_0011074,CUST_01627,MER_0251,DEV_00404,IP_05882,2026-06-03 14:10:00,9576.08,Kolkata,1906,1142,1,1,0,3.312,1,0,0.3394254555413348,96.27804780611226,APPROVE,1.0,2.0,2.0,6.0,0,1,1,36.0,33.94254555413348,96.27804780611226,52.64319622972711,3250.3653163002655,95.7608,3250.3653163002655,675.073063260053,237.51826581501342,REVIEW,237.51826581501342,1,0,100.0,65.85468711890042,highly unusual behavioral pattern,VERIFY,1
TX_0017507,CUST_02018,MER_0204,DEV_03094,IP_02365,2026-06-08 12:15:00,6205.06,Kochi,671,80,2,0,0,4.814,1,0,0.3442812580631678,94.89979359477995,APPROVE,2.0,1.0,9.0,5.0,1,0,1,45.0,34.42812580631678,94.89979359477995,52.569626142855725,2136.28586315744,62.0506,2136.28586315744,452.2571726314879,181.8142931578721,REVIEW,181.8142931578721,1,0,100.0,65.68400098159238,highly unusual behavioral pattern; transaction amount is significantly above normal customer behavior,VERIFY,1
TX_0006982,CUST_02739,MER_0110,DEV_01976,IP_03436,2026-06-07 14:09:00,6926.74,Bengaluru,889,910,3,0,0,3.18,1,0,0.36364871228114165,91.06465144150742,APPROVE,3.0,2.0,7.0,4.0,1,1,2,56.5,36.36487122811417,91.06465144150742,52.77480529213214,2518.900081306275,69.2674,2518.900081306275,528.7800162612548,200.94500406531387,REVIEW,200.94500406531387,1,0,100.0,65.50183104650931,highly unusual behavioral pattern,VERIFY,1
TX_0009543,CUST_02600,MER_0110,DEV_04193,IP_03960,2026-06-24 21:25:00,7028.34,Pune,655,519,0,0,0,4.407,1,0,0.34756092479370243,93.30181769758306,APPROVE,1.0,1.0,5.0,5.0,0,0,0,31.0,34.756092479370245,93.30181769758306,52.319810044834085,2442.7763501645704,70.2834,2442.7763501645704,513.555270032914,197.1388175082286,REVIEW,197.1388175082286,1,0,100.0,65.36859154896004,highly unusual behavioral pattern; transaction amount is significantly above normal customer behavior,VERIFY,1
TX_0009426,CUST_03483,MER_0207,DEV_00337,IP_00860,2026-06-07 01:47:00,7297.0,Delhi,1621,384,3,1,0,3.326,1,0,0.3377735280813234,94.6201478127705,APPROVE,1.0,1.0,7.0,7.0,0,0,0,37.0,33.777352808132335,94.6201478127705,52.03019130952379,2464.7334344094165,72.97,2464.7334344094165,517.9466868818831,198.23667172047095,REVIEW,198.23667172047095,1,0,100.0,65.27472074789732,highly unusual behavioral pattern,VERIFY,1
TX_0010904,CUST_01639,MER_0211,DEV_00800,IP_01497,2026-06-14 15:26:00,9692.13,Kochi,961,899,1,1,0,4.25,1,0,0.3432574146422732,93.50156468473267,APPROVE,3.0,3.0,9.0,8.0,1,1,2,73.5,34.32574146422732,93.50156468473267,52.078488430378926,3326.895486176815,96.92129999999999,3326.895486176815,690.3790972353629,241.3447743088409,REVIEW,241.3447743088409,1,0,100.0,65.21334013753346,highly unusual behavioral pattern; transaction amount is significantly above normal customer behavior,VERIFY,1
TX_0015931,CUST_03064,MER_0049,DEV_01988,IP_04085,2026-05-30 04:47:00,8100.43,Ahmedabad,1773,930,1,1,0,4.719,1,0,0.32239958126476687,96.44450362873694,APPROVE,4.0,2.0,8.0,8.0,1,1,2,70.0,32.23995812647669,96.44450362873694,51.50132177715476,2611.5752400645556,81.0043,2611.5752400645556,547.315048012911,205.5787620032279,REVIEW,205.5787620032279,1,0,100.0,65.05333015185943,highly unusual behavioral pattern; transaction amount is significantly above normal customer behavior,VERIFY,1
TX_0013675,CUST_00494,MER_0025,DEV_02675,IP_03180,2026-06-27 10:02:00,7440.43,Delhi,1148,171,0,1,0,4.61,1,0,0.32121519604894827,95.73207270790333,APPROVE,3.0,1.0,7.0,3.0,1,0,1,47.0,32.12151960489483,95.73207270790333,51.20468553579738,2389.979181138476,74.4043,2389.979181138476,502.9958362276951,194.49895905692392,REVIEW,194.49895905692392,1,0,100.0,64.78038161481841,highly unusual behavioral pattern; transaction amount is significantly above normal customer behavior,VERIFY,1
TX_0014642,CUST_03342,MER_0044,DEV_00246,IP_03926,2026-06-09 18:30:00,6679.87,Ahmedabad,684,525,2,0,0,3.623,1,0,0.33424602229694983,90.35222052067381,APPROVE,1.0,3.0,2.0,10.0,0,1,2,50.0,33.42460222969498,90.35222052067381,50.50288771698863,2232.7199769607264,66.7987,2232.7199769607264,471.5439953921452,186.63599884803642,REVIEW,186.63599884803642,1,0,100.0,63.81796727104964,highly unusual behavioral pattern,VERIFY,1
TX_0010085,CUST_03515,MER_0134,DEV_02611,IP_00161,2026-06-04 05:49:00,6311.43,Jaipur,166,516,1,1,0,3.632,1,0,0.30331120731400113,94.18070444104136,APPROVE,1.0,1.0,4.0,4.0,0,0,0,28.0,30.331120731400112,94.18070444104136,49.48599584429248,1914.3274531778063,63.11430000000001,1914.3274531778063,407.8654906355612,170.7163726588904,REVIEW,170.7163726588904,1,0,98.27405888413998,63.07458347484046,highly unusual behavioral pattern,VERIFY,1
TX_0007353,CUST_01184,MER_0224,DEV_03199,IP_01233,2026-06-24 16:21:00,5681.96,Kochi,483,369,1,1,0,4.848,1,0,0.3171873093140072,95.28597110326919,APPROVE,2.0,1.0,12.0,6.0,1,0,2,51.0,31.718730931400717,95.28597110326919,50.78890298296126,1802.2456040298161,56.8196,1802.2456040298161,385.44912080596316,165.11228020149088,REVIEW,165.11228020149088,1,0,92.5202166014478,62.94920011697068,highly unusual behavioral pattern; transaction amount is significantly above normal customer behavior,VERIFY,1
TX_0005316,CUST_00541,MER_0012,DEV_04027,IP_02843,2026-06-17 17:39:00,1182.21,Kolkata,1794,824,7,0,0,0.709,1,0,0.5333456081547407,96.01837672281776,REVIEW,1.0,1.0,3.0,3.0,0,0,0,25.0,53.33456081547408,96.01837672281776,66.13970558767718,630.5265114166161,11.8221,630.5265114166161,151.1053022833232,106.52632557083083,REVIEW,106.52632557083083,1,0,32.36875666600625,61.94654475778361,highly unusual behavioral pattern; elevated transaction velocity,VERIFY,1
TX_0009430,CUST_03170,MER_0159,DEV_01652,IP_04271,2026-05-30 23:56:00,3562.28,Chennai,351,816,1,0,1,1.197,1,0,0.371021315840277,97.36333976962514,APPROVE,3.0,1.0,14.0,3.0,1,0,2,56.5,37.102131584027696,97.36333976962514,55.18049403970693,1321.681812991502,35.622800000000005,1321.681812991502,289.33636259830035,141.08409064957516,REVIEW,141.08409064957516,1,0,67.84995748789461,61.330059220480315,highly unusual behavioral pattern; unusual transaction location,VERIFY,1
TX_0018573,CUST_03858,MER_0283,DEV_00529,IP_04129,2026-05-29 20:02:00,3037.24,Pune,1252,778,1,0,1,1.361,1,0,0.39536806921449996,97.14361808376057,APPROVE,2.0,1.0,5.0,2.0,1,0,1,34.5,39.536806921449994,97.14361808376057,56.818850270143166,1200.8277145410477,30.3724,1200.8277145410477,265.1655429082095,135.04138572705244,REVIEW,135.04138572705244,1,0,61.64578235171615,61.240645356196396,highly unusual behavioral pattern; unusual transaction location,VERIFY,1
TX_0016501,CUST_02556,MER_0137,DEV_04309,IP_01720,2026-06-22 01:47:00,772.8,Bengaluru,626,737,5,2,0,0.904,1,0,0.562684920752277,95.21273054131434,REVIEW,2.0,1.0,7.0,5.0,1,0,1,42.0,56.268492075227705,95.21273054131434,67.9517636150537,434.8429067573597,7.728,434.8429067573597,111.96858135147191,96.74214533786801,REVIEW,96.74214533786801,1,0,22.32312834101855,61.16269086821187,highly unusual behavioral pattern; elevated transaction velocity,VERIFY,1
TX_0002133,CUST_01385,MER_0261,DEV_01750,IP_02576,2026-06-01 13:46:00,3748.02,Jaipur,1575,9,1,2,0,1.169,1,0,0.3557860202376132,94.5136160862907,APPROVE,1.0,1.0,6.0,6.0,0,0,0,34.0,35.57860202376132,94.5136160862907,53.25910624252013,1333.493119570979,37.4802,1333.493119570979,291.6986239141957,141.67465597854903,REVIEW,141.67465597854903,1,0,68.45630361554551,59.83464656087697,highly unusual behavioral pattern; newly observed device,APPROVE,0
TX_0000098,CUST_02702,MER_0081,DEV_00135,IP_02377,2026-06-14 22:01:00,556.32,Pune,840,1147,6,2,0,0.915,1,1,0.542282061529173,98.26220121179838,REVIEW,2.0,1.0,9.0,7.0,1,0,1,48.0,54.2282061529173,98.26220121179838,67.43840467058162,301.68235646990956,5.563200000000001,301.68235646990956,85.3364712939819,90.08411782349549,VERIFY,85.3364712939819,1,1,15.48718826280985,59.69020109256014,highly unusual behavioral pattern; elevated transaction velocity,APPROVE,0
TX_0011503,CUST_00121,MER_0029,DEV_04749,IP_04415,2026-05-26 09:25:00,1005.5,Chennai,1137,563,0,3,1,1.312,2,1,0.4523361673326645,99.93341767095013,APPROVE,2.0,1.0,10.0,5.0,1,0,2,46.5,45.23361673326645,99.93341767095013,61.643557014571556,454.82401625299417,10.055,454.82401625299417,115.96480325059882,97.74120081264974,REVIEW,97.74120081264974,1,1,23.348880088915593,57.26660968570138,highly unusual behavioral pattern; multiple recent failed attempts; unusual transaction location,APPROVE,0
TX_0008784,CUST_00457,MER_0137,DEV_01316,IP_02857,2026-06-15 14:35:00,1106.74,Bengaluru,468,836,3,5,0,0.515,1,0,0.4561676993769024,96.75078234236634,APPROVE,2.0,3.0,8.0,13.0,1,1,3,71.5,45.616769937690236,96.75078234236634,60.956973659093066,504.85903960839295,11.067400000000001,504.85903960839295,125.97180792167856,100.24295198041966,REVIEW,100.24295198041966,1,0,25.917481831180357,57.017116037791084,highly unusual behavioral pattern; multiple recent failed attempts,APPROVE,0
TX_0005179,CUST_02033,MER_0273,DEV_02795,IP_00442,2026-06-25 12:19:00,854.37,Kolkata,180,771,0,0,1,2.115,1,0,0.46278488789949906,99.28756907916639,APPROVE,1.0,4.0,2.0,15.0,0,1,2,61.0,46.278488789949904,99.28756907916639,62.181212876714845,395.389524674695,8.5437,395.389524674695,104.07790493493899,94.76947623373476,REVIEW,94.76947623373476,1,0,20.297746535239195,56.985064425772705,highly unusual behavioral pattern; unusual transaction location,APPROVE,0
TX_0019781,CUST_00616,MER_0185,DEV_01234,IP_05446,2026-06-01 21:57:00,4587.78,Pune,473,851,4,2,0,1.201,1,0,0.2957951591242884,94.00759038551169,APPROVE,1.0,3.0,3.0,6.0,0,1,1,45.5,29.57951591242884,94.00759038551169,48.907938254353695,1357.0431151272278,45.8778,1357.0431151272278,296.4086230254455,142.85215575636147,REVIEW,142.85215575636147,1,0,69.66526796810399,56.92508866548872,highly unusual behavioral pattern; elevated transaction velocity,APPROVE,0
TX_0015919,CUST_01195,MER_0065,DEV_02651,IP_05629,2026-06-10 13:42:00,651.34,Delhi,909,643,1,1,1,1.974,1,0,0.47976145454394137,98.43531526732805,APPROVE,1.0,1.0,2.0,2.0,0,0,0,22.0,47.976145454394135,98.43531526732805,63.113896398274306,312.4878258026508,6.513400000000001,312.4878258026508,87.49756516053014,90.62439129013255,VERIFY,87.49756516053014,1,0,16.041898653508067,56.7270470380971,highly unusual behavioral pattern; unusual transaction location,APPROVE,0
TX_0004040,CUST_02326,MER_0118,DEV_00860,IP_00293,2026-06-04 08:53:00,1137.17,Kochi,976,106,6,1,0,1.374,1,0,0.43511633580732784,95.61222451561355,APPROVE,2.0,1.0,7.0,6.0,1,0,1,43.5,43.511633580732784,95.61222451561355,59.141810861197015,494.80124359001906,11.3717,494.80124359001906,123.96024871800378,99.74006217950097,REVIEW,99.74006217950097,1,0,25.401154054282234,55.519714955906906,highly unusual behavioral pattern; elevated transaction velocity,APPROVE,0
TX_0008243,CUST_01757,MER_0218,DEV_04860,IP_03729,2026-06-13 01:08:00,2547.71,Bengaluru,1833,436,3,1,1,1.181,1,0,0.33817179009276704,99.20767028430654,APPROVE,3.0,2.0,13.0,6.0,1,1,3,68.5,33.81717900927671,99.20767028430654,53.43432639178566,861.5636513372435,25.4771,861.5636513372435,197.31273026744867,118.07818256686221,REVIEW,118.07818256686221,1,0,44.229296750354166,55.51674994000115,highly unusual behavioral pattern; unusual transaction location,APPROVE,0
TX_0002790,CUST_01865,MER_0008,DEV_01171,IP_00171,2026-06-21 05:32:00,1233.74,Pune,785,516,6,1,0,1.601,1,0,0.42052564173702184,94.93308475930488,APPROVE,1.0,2.0,3.0,11.0,0,1,2,45.0,42.05256417370219,94.93308475930488,57.916720349382985,518.8193052366333,12.3374,518.8193052366333,128.76386104732666,100.94096526183169,REVIEW,100.94096526183169,1,0,26.634147083047537,54.83303693125206,highly unusual behavioral pattern; elevated transaction velocity,APPROVE,0
TX_0016122,CUST_03826,MER_0267,DEV_04678,IP_01730,2026-06-06 04:49:00,2059.05,Pune,1448,397,6,1,0,0.824,1,0,0.3630392358480081,95.67214861175843,APPROVE,1.0,1.0,7.0,7.0,0,0,0,37.0,36.30392358480081,95.67214861175843,54.1143910928881,747.5159385728412,20.590500000000002,747.5159385728412,174.50318771456818,112.37579692864209,REVIEW,112.37579692864209,1,0,38.37453474440525,54.52851332480899,highly unusual behavioral pattern; elevated transaction velocity,APPROVE,0
TX_0018817,CUST_00449,MER_0296,DEV_00052,IP_05141,2026-05-28 15:23:00,5130.65,Hyderabad,1029,3,0,0,0,1.262,1,0,0.2707358594452054,88.69432052733205,APPROVE,1.0,4.0,3.0,15.0,0,1,2,62.5,27.073585944520538,88.69432052733205,45.559806319363986,1389.050937262543,51.3065,1389.050937262543,302.8101874525085,144.45254686312722,REVIEW,144.45254686312722,1,0,71.30842394544601,54.40677391954908,highly unusual behavioral pattern; newly observed device,APPROVE,0
TX_0011864,CUST_03026,MER_0171,DEV_02910,IP_04613,2026-06-19 21:48:00,569.36,Ahmedabad,1583,696,2,3,1,0.399,2,0,0.4334109148911436,99.96670883547506,APPROVE,2.0,1.0,7.0,2.0,1,0,1,37.5,43.34109148911436,99.96670883547506,60.32877669302257,246.7668385024215,5.6936,246.7668385024215,74.35336770048428,87.33834192512109,VERIFY,74.35336770048428,1,0,12.66804108011064,54.19416661122183,highly unusual behavioral pattern; multiple recent failed attempts; unusual transaction location,APPROVE,0
TX_0009472,CUST_03872,MER_0135,DEV_00822,IP_00531,2026-06-15 09:16:00,3829.59,Bengaluru,618,1011,1,1,0,7.042,1,0,0.2736232024414315,97.30341567348026,APPROVE,2.0,1.0,8.0,2.0,1,0,1,39.0,27.362320244143152,97.30341567348026,48.344648872944276,1047.8646798376817,38.2959,1047.8646798376817,234.5729359675363,127.39323399188413,REVIEW,127.39323399188413,1,0,53.7932604362092,53.63083691135749,highly unusual behavioral pattern; transaction amount is significantly above normal customer behavior,APPROVE,0
TX_0010331,CUST_03405,MER_0123,DEV_03638,IP_00234,2026-06-02 07:08:00,2286.42,Pune,1162,1115,1,0,1,1.448,1,0,0.32670537090767576,98.13569478660364,APPROVE,1.0,1.0,3.0,6.0,0,0,0,29.5,32.670537090767574,98.13569478660364,52.31008439951839,746.985694150728,22.8642,746.985694150728,174.39713883014556,112.34928470753644,REVIEW,112.34928470753644,1,0,38.34731407665834,53.44543979669655,highly unusual behavioral pattern; unusual transaction location,APPROVE,0
TX_0002266,CUST_03173,MER_0204,DEV_03180,IP_04941,2026-05-28 02:59:00,1540.39,Kochi,1024,626,6,1,0,1.133,1,0,0.38036817801224115,94.36713496238099,APPROVE,1.0,1.0,2.0,3.0,0,0,0,23.5,38.03681780122412,94.36713496238099,54.935912949571176,585.9153377282762,15.403900000000002,585.9153377282762,142.1830675456552,104.29576688641384,REVIEW,104.29576688641384,1,0,30.078594080362492,53.344268205398855,highly unusual behavioral pattern; elevated transaction velocity,APPROVE,0
TX_0017263,CUST_02644,MER_0040,DEV_04219,IP_00085,2026-06-19 03:34:00,3337.42,Bengaluru,1267,57,5,1,0,3.748,2,0,0.27216785258218423,99.41407550436114,APPROVE,1.0,1.0,1.0,1.0,0,0,0,19.0,27.216785258218422,99.41407550436114,48.87597233206124,908.3384345648333,33.3742,908.3384345648333,206.66768691296662,120.4169217282417,REVIEW,120.4169217282417,1,0,46.63053055890159,52.75872139219787,highly unusual behavioral pattern; elevated transaction velocity,APPROVE,0
TX_0015491,CUST_02638,MER_0214,DEV_03948,IP_01287,2026-06-12 04:55:00,688.83,Kolkata,252,1191,0,0,1,1.884,1,0,0.4000316017607002,99.52726546374592,APPROVE,2.0,1.0,4.0,3.0,1,0,1,34.5,40.00316017607002,99.52726546374592,57.860391762372785,275.5537682408231,6.888300000000001,275.5537682408231,80.1107536481646,88.77768841204117,VERIFY,80.1107536481646,1,0,14.14584908182377,52.68892954352354,highly unusual behavioral pattern; unusual transaction location,APPROVE,0
TX_0012821,CUST_01115,MER_0299,DEV_04542,IP_03523,2026-06-25 22:13:00,1153.56,Mumbai,815,940,0,1,1,1.517,1,1,0.3704161988383356,98.50855582928291,APPROVE,2.0,2.0,10.0,10.0,1,1,4,62.0,37.04161988383356,98.50855582928291,55.48170066746836,427.29731033195037,11.5356,427.29731033195037,110.45946206639006,96.36486551659753,REVIEW,96.36486551659753,1,1,21.93576703237949,52.460530097177546,highly unusual behavioral pattern; unusual transaction location,APPROVE,0
TX_0017307,CUST_03043,MER_0063,DEV_00949,IP_01886,2026-06-11 19:25:00,4625.28,Ahmedabad,507,901,0,2,0,3.035,1,0,0.2365595909642804,96.54437712231174,APPROVE,3.0,2.0,14.0,7.0,1,1,3,70.5,23.655959096428038,96.54437712231174,45.522484504193145,1094.1543448952668,46.2528,1094.1543448952668,243.83086897905332,129.7077172447634,REVIEW,129.7077172447634,1,0,56.16959018170009,52.02521072124756,highly unusual behavioral pattern,APPROVE,0
TX_0017658,CUST_00755,MER_0256,DEV_03536,IP_01723,2026-05-27 15:31:00,3971.58,Delhi,441,9,2,1,0,0.957,1,0,0.268074076259459,88.96730807643651,APPROVE,2.0,1.0,9.0,6.0,1,0,1,46.5,26.8074076259459,88.96730807643651,45.455377761093075,1064.6776397905421,39.7158,1064.6776397905421,237.93552795810837,128.23388198952716,REVIEW,128.23388198952716,1,0,54.65637181962549,51.025170599828996,highly unusual behavioral pattern; newly observed device,APPROVE,0
TX_0018708,CUST_00110,MER_0127,DEV_01976,IP_01296,2026-05-29 09:50:00,1013.29,Kolkata,966,10,0,2,0,1.105,1,0,0.37648416610328844,93.83447632998202,APPROVE,3.0,1.0,7.0,4.0,1,0,1,48.5,37.648416610328844,93.83447632998202,54.50423452622479,381.4876406708011,10.1329,381.4876406708011,101.2975281341602,94.07438203354008,REVIEW,94.07438203354008,1,0,19.58407836685387,50.891366877529805,highly unusual behavioral pattern; newly observed device,APPROVE,0
TX_0017586,CUST_03802,MER_0270,DEV_02129,IP_04116,2026-05-27 20:02:00,1861.6,Pune,939,1091,1,0,1,1.245,1,0,0.31016125812109235,97.68293494906452,APPROVE,2.0,1.0,9.0,7.0,1,0,1,48.0,31.016125812109234,97.68293494906452,51.01616855319582,577.3961981182255,18.616,577.3961981182255,140.47923962364507,103.8698099059113,REVIEW,103.8698099059113,1,0,29.64125488518428,50.741194367810834,highly unusual behavioral pattern; unusual transaction location,APPROVE,0
TX_0014069,CUST_03845,MER_0112,DEV_01676,IP_05282,2026-05-30 18:37:00,987.24,Pune,976,10,1,2,0,1.192,1,0,0.3766959836075537,92.69591850322925,APPROVE,2.0,1.0,6.0,3.0,1,0,1,37.5,37.669598360755366,92.69591850322925,54.17749440349753,371.8893428567213,9.8724,371.8893428567213,99.37786857134425,93.59446714283608,REVIEW,93.59446714283608,1,0,19.091339424515365,50.461842616249534,highly unusual behavioral pattern; newly observed device,APPROVE,0
TX_0019784,CUST_00572,MER_0160,DEV_01503,IP_03385,2026-06-22 08:30:00,2936.53,Kolkata,1656,1040,5,1,0,1.26,1,0,0.2642521452960406,95.33923696650909,APPROVE,1.0,2.0,6.0,12.0,0,1,2,51.0,26.42521452960406,95.33923696650909,47.09942126067557,775.9843522261821,29.3653,775.9843522261821,180.19687044523639,113.79921761130913,REVIEW,113.79921761130913,1,0,39.83599138029179,49.78157663081312,highly unusual behavioral pattern; elevated transaction velocity,APPROVE,0
TX_0015095,CUST_02187,MER_0071,DEV_04261,IP_05429,2026-05-24 19:08:00,1555.95,Pune,983,902,4,2,0,0.661,1,0,0.3238340775129573,93.99427391970171,APPROVE,1.0,1.0,5.0,5.0,0,0,0,31.0,32.38340775129573,93.99427391970171,50.866667601817525,503.8696329062859,15.559500000000002,503.8696329062859,125.77392658125716,100.19348164531432,REVIEW,100.19348164531432,1,0,25.866689573909103,49.5633239663402,highly unusual behavioral pattern; elevated transaction velocity,APPROVE,0
TX_0013670,CUST_00522,MER_0270,DEV_00201,IP_02369,2026-05-30 18:44:00,4846.48,Kochi,397,585,1,1,0,3.343,1,0,0.2172000390895586,92.26979159731007,APPROVE,4.0,1.0,12.0,5.0,1,0,2,63.5,21.72000390895586,92.26979159731007,42.88494021546212,1052.6556454467639,48.4648,1052.6556454467639,235.53112908935273,127.63278227233823,REVIEW,127.63278227233823,1,0,54.03920980897573,49.348781395466105,highly unusual behavioral pattern,APPROVE,0
TX_0012214,CUST_00376,MER_0058,DEV_04384,IP_00723,2026-05-29 04:46:00,3205.68,Bengaluru,351,11,1,1,0,1.348,1,0,0.2684510920897999,89.73966309341502,APPROVE,2.0,2.0,10.0,9.0,1,1,3,60.5,26.845109208979988,89.73966309341502,45.71347537431049,860.5682968904297,32.056799999999996,860.5682968904297,197.11365937808588,118.02841484452152,REVIEW,118.02841484452152,1,0,44.17819915921091,49.18009336435668,highly unusual behavioral pattern; newly observed device,APPROVE,0
TX_0001101,CUST_01861,MER_0176,DEV_04299,IP_05080,2026-06-05 14:07:00,2515.44,Mumbai,1022,1044,1,0,1,1.075,1,0,0.2614359204483499,97.19688394700047,APPROVE,1.0,1.0,4.0,4.0,0,0,0,28.0,26.14359204483499,97.19688394700047,47.45957961548463,657.6263717325972,25.154400000000003,657.6263717325972,156.5252743465194,107.8813185866299,REVIEW,107.8813185866299,1,0,33.75995714428583,48.9828526353748,highly unusual behavioral pattern; unusual transaction location,APPROVE,0
TX_0012355,CUST_02411,MER_0159,DEV_01857,IP_01322,2026-06-01 01:02:00,1920.63,Pune,773,198,1,0,1,1.523,1,0,0.281977084459327,96.64425061588653,APPROVE,2.0,1.0,5.0,3.0,1,0,1,36.0,28.1977084459327,96.64425061588653,48.731671096918845,541.5736477251172,19.206300000000002,541.5736477251172,133.31472954502343,102.07868238625588,REVIEW,102.07868238625588,1,0,27.802265729557618,48.65258255364383,highly unusual behavioral pattern; unusual transaction location,APPROVE,0
TX_0001458,CUST_01960,MER_0171,DEV_00726,IP_05356,2026-06-28 07:41:00,636.24,Jaipur,536,1194,2,0,1,1.685,1,0,0.32975108803498654,99.23430321592649,APPROVE,3.0,3.0,9.0,13.0,1,1,3,81.0,32.97510880349866,99.23430321592649,52.852867127227,209.80083225137983,6.3624,209.80083225137983,66.96016645027595,85.490041612569,VERIFY,66.96016645027595,1,0,10.770351388101123,48.4119156441475,highly unusual behavioral pattern; unusual transaction location,APPROVE,0
TX_0016398,CUST_03670,MER_0292,DEV_01869,IP_03810,2026-06-13 17:26:00,4564.19,Pune,1408,370,4,0,0,3.973,2,0,0.19214437980096255,98.65503695319262,APPROVE,2.0,3.0,11.0,11.0,1,1,4,73.0,19.214437980096257,98.65503695319262,43.046617672025164,876.9834568437552,45.6419,876.9834568437552,200.396691368751,118.8491728421878,REVIEW,118.8491728421878,1,0,45.020889051772286,48.20790788636037,highly unusual behavioral pattern; elevated transaction velocity,APPROVE,0
TX_0019183,CUST_01556,MER_0182,DEV_01004,IP_03460,2026-06-10 20:50:00,1625.58,Kochi,1295,805,5,1,0,0.713,1,0,0.29738188708945146,93.26852653305812,APPROVE,3.0,3.0,9.0,14.0,1,1,3,81.5,29.738188708945145,93.26852653305812,48.79729005617904,483.41804801487046,16.2558,483.41804801487046,121.68360960297407,99.17090240074354,REVIEW,99.17090240074354,1,0,24.81678546552025,47.813009407494064,highly unusual behavioral pattern; elevated transaction velocity,APPROVE,0
TX_0005894,CUST_00827,MER_0173,DEV_04011,IP_03398,2026-06-04 04:41:00,871.43,Kolkata,701,900,5,1,0,0.725,1,0,0.3369353652683314,92.93561488780877,APPROVE,2.0,3.0,11.0,16.0,1,1,4,76.5,33.69353652683314,92.93561488780877,51.466160035125824,293.615585355782,8.7143,293.615585355782,83.7231170711564,89.68077926778912,VERIFY,83.7231170711564,1,0,15.073071890943234,47.74206710794785,highly unusual behavioral pattern; elevated transaction velocity,APPROVE,0
TX_0014101,CUST_01238,MER_0231,DEV_00886,IP_05854,2026-06-17 10:49:00,1534.77,Chennai,1070,226,2,0,1,1.463,1,0,0.28219800611288276,97.2301751115254,APPROVE,1.0,1.0,4.0,5.0,0,0,0,29.5,28.219800611288274,97.2301751115254,48.92291296135941,433.10903384186906,15.3477,433.10903384186906,111.62180676837379,96.65545169209346,REVIEW,96.65545169209346,1,0,22.234118109925806,47.725776461086916,highly unusual behavioral pattern; unusual transaction location,APPROVE,0
TX_0005861,CUST_00184,MER_0139,DEV_00271,IP_03511,2026-06-06 21:45:00,1636.73,Jaipur,637,327,5,1,0,0.628,1,0,0.29230639333915914,93.00219721685865,APPROVE,1.0,1.0,8.0,8.0,0,0,0,40.0,29.230639333915914,93.00219721685865,48.36210669879873,478.42664317000197,16.3673,478.42664317000197,120.68532863400037,98.92133215850012,REVIEW,98.92133215850012,1,0,24.56054632898961,47.42808809781347,highly unusual behavioral pattern; elevated transaction velocity,APPROVE,0
TX_0005661,CUST_00785,MER_0130,DEV_04286,IP_04616,2026-06-20 10:43:00,1115.84,Bengaluru,533,878,4,2,0,0.642,1,0,0.3110902614791795,94.30055263333111,APPROVE,2.0,1.0,8.0,4.0,1,0,1,42.0,31.10902614791795,94.30055263333111,50.066484093541895,347.12695736892766,11.158399999999999,347.12695736892766,94.42539147378552,92.35634786844639,REVIEW,92.35634786844639,1,0,17.82013573075881,47.408706010110066,highly unusual behavioral pattern; elevated transaction velocity,APPROVE,0
TX_0012078,CUST_00862,MER_0094,DEV_02825,IP_03723,2026-06-12 16:29:00,1204.36,Kolkata,1022,795,5,1,0,0.618,1,0,0.31324580320352186,92.83574139423398,APPROVE,5.0,1.0,12.0,3.0,1,0,2,60.5,31.324580320352187,92.83574139423398,49.77792864251672,377.2607155461935,12.0436,377.2607155461935,100.45214310923869,93.86303577730969,REVIEW,93.86303577730969,1,0,19.36708461904705,47.386429502255695,highly unusual behavioral pattern; elevated transaction velocity,APPROVE,0
TX_0001650,CUST_00173,MER_0024,DEV_04120,IP_05158,2026-06-09 03:21:00,1743.01,Ahmedabad,914,915,5,1,0,1.746,1,0,0.2832620192694825,93.83447632998202,APPROVE,2.0,1.0,7.0,3.0,1,0,1,39.0,28.32620192694825,93.83447632998202,47.97868424785838,493.72853220690075,17.4301,493.72853220690075,123.74570644138012,99.68642661034505,REVIEW,99.68642661034505,1,0,25.34608526160768,47.382660914790264,highly unusual behavioral pattern; elevated transaction velocity,APPROVE,0
TX_0016107,CUST_01497,MER_0011,DEV_03685,IP_00631,2026-06-29 01:46:00,4723.36,Pune,417,558,6,0,0,3.073,2,0,0.17810150463838667,99.28756907916639,APPROVE,3.0,1.0,6.0,4.0,1,0,1,47.0,17.810150463838667,99.28756907916639,42.253376048436984,841.23752294877,47.233599999999996,841.23752294877,193.24750458975396,117.06187614743854,REVIEW,117.06187614743854,1,0,43.18583308648646,47.328512572966545,highly unusual behavioral pattern; elevated transaction velocity,APPROVE,0
TX_0004805,CUST_01533,MER_0253,DEV_03351,IP_02913,2026-06-09 05:30:00,3149.71,Kolkata,1046,830,0,0,0,6.063,1,0,0.22314509250960887,96.49776949197683,APPROVE,2.0,1.0,11.0,7.0,1,0,2,51.0,22.31450925096089,96.49776949197683,44.56948732326567,702.8423293284402,31.4971,702.8423293284402,165.568465865688,110.14211646642204,REVIEW,110.14211646642204,1,0,36.08116696233461,47.32281886554042,highly unusual behavioral pattern; transaction amount is significantly above normal customer behavior,APPROVE,0
TX_0016800,CUST_03259,MER_0108,DEV_03945,IP_02446,2026-06-04 06:35:00,5757.77,Mumbai,1117,1186,4,1,0,1.723,1,0,0.1733843082466931,94.04088155003663,APPROVE,1.0,3.0,5.0,13.0,0,1,2,59.0,17.33843082466931,94.04088155003663,40.349166042279506,998.3069684935622,57.57770000000001,998.3069684935622,224.6613936987124,124.91534842467814,REVIEW,124.91534842467814,1,0,51.2491620194464,47.13131228123492,highly unusual behavioral pattern; elevated transaction velocity,APPROVE,0
TX_0008873,CUST_03996,MER_0230,DEV_02479,IP_03472,2026-05-25 14:16:00,2023.71,Bengaluru,1396,747,5,1,0,1.593,1,0,0.2665100817610694,93.841134562887,APPROVE,1.0,4.0,3.0,6.0,0,1,1,51.5,26.651008176106938,93.841134562887,46.808046092140955,539.3391175606937,20.2371,539.3391175606937,132.86782351213873,101.96695587803471,REVIEW,101.96695587803471,1,0,27.687553720077524,47.015355200935076,highly unusual behavioral pattern; elevated transaction velocity,APPROVE,0
TX_0014011,CUST_03100,MER_0214,DEV_03099,IP_02751,2026-06-22 21:52:00,912.26,Bengaluru,615,251,5,1,0,1.268,1,0,0.306898434962803,92.7158932019442,APPROVE,3.0,2.0,12.0,4.0,1,1,3,64.0,30.6898434962803,92.7158932019442,49.29765840797947,279.97116627916665,9.1226,279.97116627916665,80.99423325583331,88.99855831395834,VERIFY,80.99423325583331,1,0,14.372620961532345,46.03421390102987,highly unusual behavioral pattern; elevated transaction velocity,APPROVE,0
TX_0002109,CUST_03526,MER_0231,DEV_03410,IP_04092,2026-05-26 07:45:00,2903.03,Pune,1121,148,4,1,0,2.346,1,0,0.2265243934791998,93.14202010786337,APPROVE,2.0,1.0,7.0,3.0,1,0,1,39.0,22.65243934791998,93.14202010786337,43.799313575903,657.6071100019215,29.030300000000004,657.6071100019215,156.52142200038426,107.8803555000961,REVIEW,107.8803555000961,1,0,33.758968322623424,46.02061937084369,highly unusual behavioral pattern; elevated transaction velocity,APPROVE,0
TX_0019456,CUST_00592,MER_0166,DEV_01037,IP_05834,2026-05-25 23:45:00,2180.52,Hyderabad,1311,195,1,0,1,0.982,1,0,0.23221777305754743,97.25014981024036,APPROVE,2.0,2.0,8.0,11.0,1,1,3,60.5,23.221777305754742,97.25014981024036,45.430289057100424,506.3554985074433,21.8052,506.3554985074433,126.27109970148864,100.31777492537219,REVIEW,100.31777492537219,1,0,25.994304158373566,45.98479442762419,highly unusual behavioral pattern; unusual transaction location,APPROVE,0
TX_0009304,CUST_00046,MER_0263,DEV_01166,IP_05211,2026-06-06 01:31:00,1926.62,Bengaluru,1101,223,1,1,1,0.86,1,0,0.24023090631260108,97.19022571409548,APPROVE,2.0,2.0,5.0,5.0,1,1,2,47.0,24.023090631260107,97.19022571409548,45.973231156110714,462.83366871998345,19.266199999999998,462.83366871998345,117.56673374399666,98.1416834359992,REVIEW,98.1416834359992,1,0,23.760064213593814,45.92062587257746,highly unusual behavioral pattern; unusual transaction location,APPROVE,0
TX_0010945,CUST_02853,MER_0097,DEV_02554,IP_05710,2026-06-25 20:24:00,683.0,Bengaluru,848,193,5,1,0,0.797,1,0,0.31660443209589334,92.7691590651841,APPROVE,1.0,1.0,4.0,5.0,0,0,0,29.5,31.660443209589335,92.7691590651841,49.99305796626776,216.24082712149516,6.83,216.24082712149516,68.24816542429903,85.81204135607477,VERIFY,68.24816542429903,1,0,11.100955451699896,45.88116041468988,highly unusual behavioral pattern; elevated transaction velocity,APPROVE,0
TX_0009721,CUST_03173,MER_0100,DEV_03180,IP_04941,2026-06-27 06:07:00,1749.05,Kochi,1024,726,1,0,1,1.287,1,0,0.24756432031418124,96.75078234236634,APPROVE,1.0,1.0,2.0,3.0,0,0,0,23.5,24.756432031418125,96.75078234236634,46.35473712470258,433.0023744455187,17.4905,433.0023744455187,111.60047488910372,96.65011872227595,REVIEW,96.65011872227595,1,0,22.22864263508994,45.84917924543695,highly unusual behavioral pattern; unusual transaction location,APPROVE,0
TX_0016417,CUST_03076,MER_0080,DEV_04720,IP_01969,2026-06-24 19:08:00,559.1,Mumbai,586,613,3,3,0,1.114,1,0,0.29860489503974286,95.1328317464545,APPROVE,2.0,1.0,9.0,3.0,1,0,1,42.0,29.860489503974286,95.1328317464545,49.44219217671835,166.94999681672024,5.591,166.94999681672024,58.38999936334404,83.34749984083602,VERIFY,58.38999936334404,1,0,8.570557660152538,45.184205807954,highly unusual behavioral pattern; multiple recent failed attempts,APPROVE,0
TX_0005998,CUST_01580,MER_0117,DEV_03327,IP_00730,2026-05-31 17:04:00,1733.56,Pune,533,225,1,0,1,1.374,1,0,0.23281273567194943,96.63759238298155,APPROVE,3.0,1.0,9.0,4.0,1,0,1,51.5,23.281273567194944,96.63759238298155,45.28816921193092,403.59484605146463,17.3356,403.59484605146463,105.71896921029291,95.17974230257325,REVIEW,95.17974230257325,1,0,20.718975533864985,44.775709605264936,highly unusual behavioral pattern; unusual transaction location,APPROVE,0
TX_0002387,CUST_01367,MER_0226,DEV_00007,IP_02591,2026-06-26 02:21:00,3599.22,Bengaluru,1239,1123,2,1,0,4.232,1,0,0.18176543781262838,95.9517943937679,APPROVE,3.0,2.0,18.0,9.0,1,1,3,73.5,18.17654378126284,95.9517943937679,41.50911896501435,654.2137990839683,35.9922,654.2137990839683,155.84275981679363,107.71068995419844,REVIEW,107.71068995419844,1,0,33.58476905676138,44.590764020114065,highly unusual behavioral pattern; transaction amount is significantly above normal customer behavior,APPROVE,0
TX_0019140,CUST_01479,MER_0133,DEV_02619,IP_04747,2026-06-20 06:54:00,6007.97,Kolkata,755,11,1,0,0,0.971,1,0,0.17201809972199839,83.2878354084826,APPROVE,2.0,2.0,12.0,6.0,1,1,3,59.0,17.20180997219984,83.2878354084826,37.027617603084664,1033.4795825867748,60.0797,1033.4795825867748,231.6959165173549,126.67397912933879,REVIEW,126.67397912933879,1,0,53.05478599603807,44.198212807852315,highly unusual behavioral pattern; newly observed device,APPROVE,0
TX_0006926,CUST_03811,MER_0065,DEV_04209,IP_03817,2026-06-06 13:26:00,836.39,Chennai,858,916,4,2,0,1.092,1,0,0.2742681954353293,93.63472934283241,APPROVE,3.0,2.0,8.0,9.0,1,1,2,65.5,27.426819543532932,93.63472934283241,47.28919248332278,229.39517598015507,8.3639,229.39517598015507,70.879035196031,86.46975879900776,VERIFY,70.879035196031,1,0,11.776248099346208,44.15907819448543,highly unusual behavioral pattern; elevated transaction velocity,APPROVE,0
TX_0006830,CUST_02102,MER_0151,DEV_00633,IP_04841,2026-06-03 03:48:00,729.12,Kochi,444,1009,5,1,0,1.409,1,0,0.2748558462321108,94.44703375724083,APPROVE,2.0,2.0,7.0,10.0,1,1,3,57.5,27.48558462321108,94.44703375724083,47.57401936342001,200.40289460475663,7.2912,200.40289460475663,65.08057892095133,85.02014473023785,VERIFY,65.08057892095133,1,0,10.287898150468981,44.134482068871584,highly unusual behavioral pattern; elevated transaction velocity,APPROVE,0
TX_0002678,CUST_01733,MER_0022,DEV_01351,IP_03980,2026-06-20 10:42:00,2426.81,Kolkata,463,266,4,0,0,3.347,2,0,0.1974045628599729,97.49650442772489,APPROVE,2.0,1.0,6.0,5.0,1,0,1,40.5,19.74045628599729,97.49650442772489,43.06727072851557,479.06336719421085,24.2681,479.06336719421085,120.81267343884215,98.95316835971056,REVIEW,98.95316835971056,1,0,24.59323324164093,44.03782611964429,highly unusual behavioral pattern; elevated transaction velocity,APPROVE,0
TX_0001655,CUST_00193,MER_0201,DEV_02376,IP_04675,2026-06-19 03:16:00,2502.35,Jaipur,2192,1114,0,0,0,3.008,1,0,0.19574862181998692,97.21685864571543,APPROVE,3.0,4.0,6.0,14.0,1,1,3,83.0,19.574862181998693,97.21685864571543,42.86746112111371,489.8315638112443,25.0235,489.8315638112443,122.96631276224883,99.49157819056224,REVIEW,99.49157819056224,1,0,25.14603019738727,43.98169472419143,highly unusual behavioral pattern,APPROVE,0
TX_0001479,CUST_03263,MER_0153,DEV_04361,IP_05766,2026-06-05 18:37:00,4777.87,Hyderabad,593,417,1,1,0,4.384,1,0,0.15798161605358998,94.2073373726613,APPROVE,3.0,3.0,7.0,11.0,1,1,3,75.0,15.798161605358999,94.2073373726613,39.32091433554969,754.815623893966,47.7787,754.815623893966,175.96312477879314,112.74078119469833,REVIEW,112.74078119469833,1,0,38.74927194200071,43.911136402878036,highly unusual behavioral pattern; transaction amount is significantly above normal customer behavior,APPROVE,0
TX_0004916,CUST_00045,MER_0191,DEV_02950,IP_04131,2026-06-07 08:17:00,4553.83,Kochi,971,863,6,0,0,3.294,2,0,0.14089702534066434,99.27425261335642,APPROVE,2.0,2.0,6.0,3.0,1,1,2,45.5,14.089702534066435,99.27425261335642,39.64506755785343,641.6211009070774,45.5383,641.6211009070774,153.32422018141546,107.0810550453539,REVIEW,107.0810550453539,1,0,32.938309350982394,43.41478892123662,highly unusual behavioral pattern; elevated transaction velocity,APPROVE,0
TX_0015819,CUST_01046,MER_0296,DEV_01759,IP_03491,2026-05-30 12:34:00,1938.59,Kochi,1530,522,4,1,0,2.613,1,0,0.2172153553238939,94.08748918037153,APPROVE,1.0,5.0,4.0,19.0,0,1,2,64.0,21.721535532389392,94.08748918037153,43.43132162678403,421.0915156773475,19.3859,421.0915156773475,109.21830313546948,96.05457578386739,REVIEW,96.05457578386739,1,0,21.617185888752818,43.41045169805672,highly unusual behavioral pattern; elevated transaction velocity,APPROVE,0
TX_0004925,CUST_02859,MER_0214,DEV_00073,IP_02873,2026-06-08 07:26:00,1304.57,Mumbai,545,425,2,0,1,1.455,1,1,0.22428928887095012,97.20354217990545,APPROVE,1.0,1.0,4.0,4.0,0,0,0,28.0,22.42892888709501,97.20354217990545,44.86131287493814,292.6010775823754,13.0457,292.6010775823754,83.52021551647508,89.63005387911878,VERIFY,83.52021551647508,1,1,15.020991043177784,43.3797253061547,highly unusual behavioral pattern; unusual transaction location,APPROVE,0
TX_0000432,CUST_02157,MER_0256,DEV_04722,IP_05122,2026-05-28 13:18:00,3407.65,Mumbai,1669,326,3,1,0,3.078,1,0,0.1756697071130514,94.6600972102004,APPROVE,2.0,1.0,9.0,6.0,1,0,1,46.5,17.566970711305142,94.6600972102004,40.69490866097372,598.6208774437897,34.0765,598.6208774437897,144.7241754887579,104.93104387218952,REVIEW,104.93104387218952,1,0,30.730846627900494,43.327683844292785,highly unusual behavioral pattern,APPROVE,0
TX_0019022,CUST_02238,MER_0008,DEV_04983,IP_05624,2026-06-15 11:26:00,1131.73,Mumbai,931,949,4,2,0,0.821,1,0,0.24673463541488383,93.66802050735735,APPROVE,1.0,1.0,4.0,4.0,0,0,0,28.0,24.67346354148838,93.66802050735735,45.37183063124907,279.2369889380865,11.317300000000001,279.2369889380865,80.84739778761728,88.96184944690434,VERIFY,80.84739778761728,1,0,14.33493117803739,43.30412415855887,highly unusual behavioral pattern; elevated transaction velocity,APPROVE,0
TX_0009845,CUST_01008,MER_0174,DEV_02976,IP_03737,2026-06-14 14:01:00,803.37,Kolkata,1077,291,1,0,1,1.31,1,0,0.24135401221404004,96.47113656035688,APPROVE,4.0,2.0,19.0,12.0,1,1,4,84.0,24.135401221404003,96.47113656035688,45.83612182308987,193.89657279239336,8.0337,193.89657279239336,63.77931455847866,84.69482863961967,VERIFY,63.77931455847866,1,0,9.953889121947796,42.99981940319862,highly unusual behavioral pattern; unusual transaction location,APPROVE,0
TX_0015726,CUST_01218,MER_0146,DEV_03003,IP_04680,2026-06-23 19:25:00,3243.61,Jaipur,1446,718,4,1,0,1.159,1,0,0.18711975342305748,91.09794260603236,APPROVE,1.0,2.0,4.0,8.0,0,1,1,42.0,18.71197534230575,91.09794260603236,40.42776552142374,606.9435034005635,32.4361,606.9435034005635,146.38870068011266,105.34717517002821,REVIEW,105.34717517002821,1,0,31.158097583315115,42.91698996962561,highly unusual behavioral pattern; elevated transaction velocity,APPROVE,0
TX_0001289,CUST_03118,MER_0019,DEV_02519,IP_05690,2026-06-03 17:01:00,944.52,Mumbai,443,10,3,1,0,1.24,1,0,0.26226877935401477,90.44543578134363,APPROVE,1.0,2.0,2.0,7.0,0,1,1,37.5,26.226877935401475,90.44543578134363,45.49244528918412,247.71810747545402,9.4452,247.71810747545402,74.54362149509079,87.38590537377272,VERIFY,74.54362149509079,1,0,12.716875496038421,42.790444801311516,highly unusual behavioral pattern; newly observed device,APPROVE,0
TX_0001755,CUST_02948,MER_0288,DEV_01632,IP_04293,2026-06-25 15:26:00,2374.54,Pune,869,11,1,1,0,2.872,1,0,0.2034256226944159,91.88361408882083,APPROVE,2.0,1.0,12.0,5.0,1,0,2,49.5,20.34256226944159,91.88361408882083,41.80487781525536,483.0422781127983,23.7454,483.0422781127983,121.60845562255963,99.15211390563994,REVIEW,99.15211390563994,1,0,24.797494913414432,42.69586434404993,highly unusual behavioral pattern; newly observed device,APPROVE,0
TX_0013643,CUST_00919,MER_0001,DEV_00574,IP_04669,2026-05-26 04:56:00,1076.5,Delhi,855,350,2,1,1,0.66,1,0,0.21466803643809196,98.13569478660364,APPROVE,1.0,2.0,3.0,5.0,0,1,1,36.0,21.466803643809197,98.13569478660364,44.46747098664753,231.090141225606,10.765,231.090141225606,71.21802824512119,86.5545070612803,VERIFY,71.21802824512119,1,0,11.863260963347875,42.54676245055526,highly unusual behavioral pattern; unusual transaction location,APPROVE,0
TX_0013958,CUST_02402,MER_0293,DEV_03252,IP_01835,2026-05-25 14:40:00,3862.62,Ahmedabad,746,122,1,0,0,6.596,1,0,0.15008315452008467,96.48445302616685,APPROVE,1.0,3.0,4.0,14.0,0,1,2,58.0,15.008315452008466,96.48445302616685,39.45115672425598,579.7141943123694,38.6262,579.7141943123694,140.94283886247385,103.9857097156185,REVIEW,103.9857097156185,1,0,29.760251713077214,42.401543976469725,highly unusual behavioral pattern; transaction amount is significantly above normal customer behavior,APPROVE,0
TX_0000782,CUST_00808,MER_0215,DEV_03639,IP_03165,2026-06-23 07:06:00,1930.44,Pune,446,971,1,4,0,1.587,1,0,0.1930089880115336,96.27804780611226,APPROVE,2.0,1.0,13.0,6.0,1,0,2,52.5,19.30089880115336,96.27804780611226,42.394043502641026,372.5922708169849,19.3044,372.5922708169849,99.51845416339697,93.62961354084926,REVIEW,93.62961354084926,1,0,19.127424987433862,42.35934873989713,highly unusual behavioral pattern; multiple recent failed attempts,APPROVE,0
TX_0012177,CUST_01650,MER_0293,DEV_04620,IP_04994,2026-06-28 01:44:00,2839.47,Jaipur,735,420,0,1,0,4.936,1,0,0.1704101117608931,95.77868033823823,APPROVE,1.0,1.0,6.0,6.0,0,0,0,34.0,17.04101117608931,95.77868033823823,40.662311924733984,483.8744000417031,28.3947,483.8744000417031,121.7748800083406,99.19372000208517,REVIEW,99.19372000208517,1,0,24.84021278767582,42.222152247051284,highly unusual behavioral pattern; transaction amount is significantly above normal customer behavior,APPROVE,0
TX_0017112,CUST_00516,MER_0052,DEV_04690,IP_03250,2026-05-26 00:45:00,2792.38,Kolkata,622,1097,4,1,0,1.263,1,0,0.18461107757011894,92.22984219988015,APPROVE,1.0,1.0,5.0,5.0,0,0,0,31.0,18.461107757011895,92.22984219988015,40.59172808987237,515.5042807852487,27.9238,515.5042807852487,128.10085615704972,100.77521403926247,REVIEW,100.77521403926247,1,0,26.463966737152727,42.19229988590054,highly unusual behavioral pattern; elevated transaction velocity,APPROVE,0
TX_0017702,CUST_02183,MER_0004,DEV_04992,IP_05454,2026-06-12 11:10:00,620.76,Hyderabad,509,254,5,1,0,0.507,1,0,0.2482398736233454,93.78121046674212,APPROVE,1.0,2.0,4.0,12.0,0,1,2,48.0,24.82398736233454,93.78121046674212,45.511154293656816,154.09738395042788,6.2076,154.09738395042788,55.819476790085574,82.7048691975214,VERIFY,55.819476790085574,1,0,7.910754954225531,42.12850781203501,highly unusual behavioral pattern; elevated transaction velocity,APPROVE,0
TX_0001588,CUST_03319,MER_0080,DEV_01145,IP_03991,2026-06-11 09:36:00,418.16,Pune,984,837,6,1,0,0.786,1,0,0.2513782095702836,94.84652773154005,APPROVE,1.0,1.0,6.0,6.0,0,0,0,34.0,25.13782095702836,94.84652773154005,46.05043298938186,105.1163121139098,4.1816,105.1163121139098,46.023262422781954,80.25581560569549,VERIFY,46.023262422781954,1,0,5.396258946826333,42.10212058734146,highly unusual behavioral pattern; elevated transaction velocity,APPROVE,0
TX_0018596,CUST_02622,MER_0185,DEV_02806,IP_04256,2026-06-20 13:36:00,3620.42,Kochi,476,855,0,1,0,3.022,1,0,0.16167025515302003,93.1287036420534,APPROVE,3.0,1.0,9.0,1.0,1,0,1,47.0,16.167025515302,93.1287036420534,39.25552895332741,585.3142251610968,36.2042,585.3142251610968,142.06284503221934,104.26571125805486,REVIEW,104.26571125805486,1,0,30.047735320161923,42.031670914299404,highly unusual behavioral pattern,APPROVE,0
TX_0010083,CUST_01407,MER_0075,DEV_04508,IP_01275,2026-06-11 22:21:00,3454.84,Ahmedabad,529,676,0,0,0,3.755,1,0,0.16271136722980048,92.43624741993474,APPROVE,3.0,2.0,18.0,9.0,1,1,3,73.5,16.27113672298005,92.43624741993474,39.120669932066455,562.141739960204,34.5484,562.141739960204,137.42834799204076,103.10708699801022,REVIEW,103.10708699801022,1,0,28.858150867750638,41.638072761020574,highly unusual behavioral pattern,APPROVE,0
TX_0016334,CUST_00179,MER_0037,DEV_02667,IP_05217,2026-06-08 17:13:00,1626.33,Ahmedabad,2156,9,1,1,0,1.124,1,0,0.20225590139499072,93.63472934283241,APPROVE,1.0,2.0,4.0,7.0,0,1,1,40.5,20.225590139499072,93.63472934283241,42.24833190049907,328.93484011571525,16.2633,328.93484011571525,90.78696802314303,91.44674200578578,VERIFY,90.78696802314303,1,0,16.886223823889594,41.58045863737718,highly unusual behavioral pattern; newly observed device,APPROVE,0
TX_0015213,CUST_03655,MER_0036,DEV_04116,IP_01973,2026-05-29 00:45:00,862.27,Mumbai,875,10,0,1,0,0.98,1,0,0.2523692569465179,88.4146747453226,APPROVE,2.0,2.0,6.0,5.0,1,1,2,48.5,25.23692569465179,88.4146747453226,44.190250409853036,217.61043918727398,8.6227,217.61043918727398,68.52208783745479,85.8805219593637,VERIFY,68.52208783745479,1,0,11.171265960269025,41.37711846297648,highly unusual behavioral pattern; newly observed device,APPROVE,0
TX_0012428,CUST_01318,MER_0071,DEV_00849,IP_04522,2026-05-25 05:26:00,1939.93,Kolkata,2262,549,3,0,1,1.16,1,0,0.16382773095362577,99.41407550436114,APPROVE,1.0,4.0,3.0,14.0,0,1,2,62.5,16.382773095362577,99.41407550436114,41.29216381806214,317.81433010886724,19.3993,317.81433010886724,88.56286602177343,90.89071650544338,VERIFY,88.56286602177343,1,0,16.315340481324302,41.27867729525449,highly unusual behavioral pattern; unusual transaction location,APPROVE,0
TX_0013129,CUST_02680,MER_0067,DEV_02781,IP_01891,2026-06-07 16:55:00,1111.22,Kochi,1160,275,6,0,1,1.418,2,0,0.1831351309240717,99.9001265064252,APPROVE,1.0,2.0,2.0,4.0,0,1,1,33.0,18.31351309240717,99.9001265064252,42.78949711661258,203.50342018544694,11.1122,203.50342018544694,65.70068403708939,85.17517100927236,VERIFY,65.70068403708939,1,0,10.447066966118955,41.21620789135494,highly unusual behavioral pattern; elevated transaction velocity; unusual transaction location,APPROVE,0
TX_0003007,CUST_02715,MER_0211,DEV_01745,IP_04505,2026-06-28 21:33:00,564.05,Bengaluru,669,397,4,2,0,0.693,1,0,0.23567393961622216,93.24189360143818,APPROVE,3.0,4.0,10.0,19.0,1,1,4,89.0,23.567393961622216,93.24189360143818,44.469743853567,132.93188564053008,5.640499999999999,132.93188564053008,51.58637712810601,81.64659428202651,VERIFY,51.58637712810601,1,0,6.824201332604421,41.121105327763445,highly unusual behavioral pattern; elevated transaction velocity,APPROVE,0
TX_0010465,CUST_00143,MER_0033,DEV_01332,IP_00201,2026-06-02 21:32:00,1725.54,Jaipur,2448,1092,1,0,1,1.078,1,0,0.16562980363306687,99.487316066316,APPROVE,1.0,1.0,3.0,4.0,0,0,0,26.5,16.562980363306686,99.487316066316,41.44028107420948,285.8008513610022,17.2554,285.8008513610022,82.16017027220042,89.29004256805013,VERIFY,82.16017027220042,1,0,14.671894115692707,41.06206382468669,highly unusual behavioral pattern; unusual transaction location,APPROVE,0
TX_0006163,CUST_03092,MER_0030,DEV_02414,IP_02295,2026-06-02 20:47:00,2081.15,Mumbai,1369,296,4,1,0,0.985,1,0,0.19307972816716226,90.84492975564285,APPROVE,1.0,1.0,5.0,5.0,0,0,0,31.0,19.307972816716227,90.84492975564285,40.76905989839421,401.82787627508975,20.811500000000002,401.82787627508975,105.36557525501793,95.09139381375451,REVIEW,95.09139381375451,1,0,20.62826623981934,41.03311858301483,highly unusual behavioral pattern; elevated transaction velocity,APPROVE,0
TX_0013046,CUST_00950,MER_0128,DEV_02790,IP_02707,2026-06-05 21:55:00,3971.26,Chennai,493,383,2,0,0,3.46,1,0,0.1494641298326069,91.52406951195154,APPROVE,2.0,2.0,7.0,11.0,1,1,3,59.0,14.94641298326069,91.52406951195154,37.91970994186794,593.5609202390385,39.7126,593.5609202390385,143.71218404780768,104.67804601195195,REVIEW,104.67804601195195,1,0,30.471088282239467,41.0246450016637,highly unusual behavioral pattern,APPROVE,0
TX_0002768,CUST_02624,MER_0296,DEV_02102,IP_00910,2026-06-28 18:51:00,1234.62,Ahmedabad,970,7,0,1,0,1.265,1,0,0.22095134501729718,89.3801185165457,APPROVE,2.0,1.0,7.0,2.0,1,0,1,37.5,22.095134501729717,89.3801185165457,42.280629706174516,272.7909495852554,12.3462,272.7909495852554,79.55818991705107,88.63954747926279,VERIFY,79.55818991705107,1,0,14.004016814416884,40.66240616871195,highly unusual behavioral pattern; newly observed device,APPROVE,0
TX_0013728,CUST_03954,MER_0007,DEV_01050,IP_00816,2026-06-13 04:49:00,2885.09,Mumbai,906,1176,0,0,0,3.649,1,0,0.15511876259293284,94.1540715094214,APPROVE,1.0,2.0,5.0,11.0,0,1,2,48.0,15.511876259293283,94.1540715094214,39.104534834331716,447.5315907692446,28.850900000000003,447.5315907692446,114.5063181538489,97.37657953846225,REVIEW,97.37657953846225,1,0,22.974515582880564,40.597062699049175,highly unusual behavioral pattern,APPROVE,0
TX_0004565,CUST_00662,MER_0097,DEV_01411,IP_05368,2026-06-11 01:03:00,1248.0,Delhi,557,563,0,1,1,0.81,1,0,0.1741777219076319,98.63506225447766,APPROVE,2.0,2.0,12.0,7.0,1,1,3,60.5,17.417772190763188,98.63506225447766,41.78295920987753,217.37379694072462,12.48,217.37379694072462,68.47475938814492,85.86868984703624,VERIFY,68.47475938814492,1,0,11.159117676006966,40.53122830692629,highly unusual behavioral pattern; unusual transaction location,APPROVE,0
TX_0013689,CUST_01677,MER_0247,DEV_04422,IP_01438,2026-06-08 20:24:00,1767.18,Ahmedabad,571,13,1,1,0,0.77,1,0,0.21055051730390184,87.15626872628005,APPROVE,3.0,1.0,6.0,3.0,1,0,1,45.5,21.055051730390183,87.15626872628005,40.88541682915714,372.08066316910924,17.6718,372.08066316910924,99.41613263382183,93.60403315845548,REVIEW,93.60403315845548,1,0,19.101161058538395,40.49463869478678,highly unusual behavioral pattern; newly observed device,APPROVE,0
TX_0000620,CUST_02331,MER_0251,DEV_01219,IP_03795,2026-06-10 18:54:00,1962.15,Ahmedabad,1638,107,3,1,0,5.025,1,0,0.1565995982767347,98.12903655369864,APPROVE,2.0,2.0,18.0,14.0,1,1,4,72.0,15.65995982767347,98.12903655369864,40.400682845481015,307.271901758695,19.6215,307.271901758695,86.45438035173899,90.36359508793475,VERIFY,86.45438035173899,1,0,15.774133582396532,40.42351759642563,highly unusual behavioral pattern; transaction amount is significantly above normal customer behavior,APPROVE,0
TX_0018009,CUST_00387,MER_0123,DEV_02723,IP_02512,2026-05-24 19:30:00,4855.68,Chennai,551,231,5,0,0,1.281,1,0,0.1311111104595182,91.05799320860244,APPROVE,2.0,1.0,11.0,6.0,1,0,2,49.5,13.111111045951821,91.05799320860244,36.495175694747005,636.6335968360734,48.5568,636.6335968360734,152.32671936721465,106.83167984180369,REVIEW,106.83167984180369,1,0,32.682270464873795,40.4094075785314,highly unusual behavioral pattern; elevated transaction velocity,APPROVE,0
TX_0001750,CUST_01568,MER_0295,DEV_03424,IP_01091,2026-05-29 10:12:00,1127.88,Kochi,1895,9,1,1,0,1.052,1,0,0.2042044413032577,92.70923496903922,APPROVE,2.0,1.0,7.0,3.0,1,0,1,39.0,20.42044413032577,92.70923496903922,42.1070813819398,230.31810525711833,11.278800000000002,230.31810525711833,71.06362105142367,86.51590526285592,VERIFY,71.06362105142367,1,0,11.823627666493731,40.3877180891734,highly unusual behavioral pattern; newly observed device,APPROVE,0
TX_0005900,CUST_02618,MER_0042,DEV_01307,IP_02527,2026-06-01 14:55:00,3492.0,Jaipur,2020,206,1,0,0,3.74,1,0,0.13673886859630796,95.29262933617419,APPROVE,1.0,1.0,3.0,4.0,0,0,0,26.5,13.673886859630796,95.29262933617419,38.159509602593815,477.4921291383074,34.92,477.4921291383074,120.49842582766146,98.87460645691539,REVIEW,98.87460645691539,1,0,24.512572045997242,40.3272466398671,highly unusual behavioral pattern,APPROVE,0
TX_0000820,CUST_01619,MER_0272,DEV_02336,IP_03614,2026-06-08 18:22:00,1310.84,Mumbai,579,2,0,0,0,2.362,1,0,0.19776207163421716,92.55609561222452,APPROVE,1.0,1.0,7.0,7.0,0,0,0,37.0,19.776207163421716,92.55609561222452,41.61017369806255,259.2344339809972,13.1084,259.2344339809972,76.84688679619943,87.96172169904987,VERIFY,76.84688679619943,1,0,13.308078504309554,40.31654796624012,highly unusual behavioral pattern; newly observed device,APPROVE,0
TX_0009344,CUST_02337,MER_0020,DEV_01430,IP_03912,2026-06-11 11:43:00,2492.78,Kochi,877,447,1,1,0,4.67,1,0,0.15997804679926528,94.07417271456156,APPROVE,1.0,1.0,7.0,7.0,0,0,0,37.0,15.997804679926528,94.07417271456156,39.42071509031703,398.7900755002725,24.9278,398.7900755002725,104.75801510005448,94.93950377501365,REVIEW,94.93950377501365,1,0,20.472317469546468,40.31561764824102,highly unusual behavioral pattern; transaction amount is significantly above normal customer behavior,APPROVE,0
TX_0008242,CUST_02578,MER_0164,DEV_04960,IP_03207,2026-06-21 03:56:00,1872.01,Kolkata,1421,1,2,0,0,1.649,1,0,0.1899553715563637,90.5186763432985,APPROVE,2.0,1.0,7.0,4.0,1,0,1,40.5,18.99553715563637,90.5186763432985,40.452478911935,355.5983551072284,18.7201,355.5983551072284,96.11967102144565,92.77991775536144,REVIEW,92.77991775536144,1,0,18.25502404559896,40.304376289927525,highly unusual behavioral pattern; newly observed device,APPROVE,0
TX_0000907,CUST_02020,MER_0139,DEV_02704,IP_05475,2026-05-31 12:02:00,1027.42,Mumbai,958,7,0,1,0,1.074,1,0,0.22559872601198247,88.74758639057194,APPROVE,1.0,1.0,2.0,2.0,0,0,0,22.0,22.559872601198247,88.74758639057194,42.41618673801035,231.78464307923105,10.2742,231.78464307923105,71.3569286158462,86.58923215396156,VERIFY,71.3569286158462,1,0,11.898913963018853,40.283995010374475,highly unusual behavioral pattern; newly observed device,APPROVE,0
TX_0001977,CUST_02718,MER_0281,DEV_00665,IP_02028,2026-06-14 23:45:00,1002.62,Delhi,192,650,2,2,1,0.958,1,0,0.17222106415677774,99.51394899793596,APPROVE,1.0,1.0,4.0,4.0,0,0,0,28.0,17.222106415677775,99.51394899793596,41.90965919035523,172.6722833448685,10.026200000000001,172.6722833448685,59.5344566689737,83.63361416724344,VERIFY,59.5344566689737,1,0,8.864317394040096,40.238101386027694,highly unusual behavioral pattern; unusual transaction location,APPROVE,0
TX_0007316,CUST_03252,MER_0007,DEV_02892,IP_03498,2026-06-28 07:21:00,3906.48,Kolkata,595,139,0,1,0,4.372,1,0,0.12791094705421252,95.67880684466343,APPROVE,2.0,4.0,8.0,18.0,1,1,3,78.0,12.791094705421251,95.67880684466343,37.6574083471939,499.68155644834013,39.0648,499.68155644834013,124.936311289668,99.98407782241702,REVIEW,99.98407782241702,1,0,25.651690164191493,40.229527438947954,highly unusual behavioral pattern; transaction amount is significantly above normal customer behavior,APPROVE,0
TX_0004585,CUST_02545,MER_0140,DEV_02623,IP_05568,2026-06-16 13:16:00,2382.24,Kolkata,469,953,4,1,0,0.933,1,0,0.17306657140750176,90.9780944137426,APPROVE,2.0,3.0,7.0,9.0,1,1,2,64.0,17.306657140750175,90.9780944137426,39.4080883226479,412.28610906980697,23.8224,412.28610906980697,107.45722181396138,95.61430545349037,REVIEW,95.61430545349037,1,0,21.165150869346,40.17978706836707,highly unusual behavioral pattern; elevated transaction velocity,APPROVE,0
TX_0018525,CUST_01838,MER_0190,DEV_03963,IP_05526,2026-06-04 11:25:00,2233.03,Delhi,853,202,4,1,0,1.526,1,0,0.1792842868490083,90.1524735335242,APPROVE,1.0,2.0,1.0,4.0,0,1,1,31.5,17.92842868490083,90.1524735335242,39.59564213948784,400.347191062441,22.3303,400.347191062441,105.0694382124882,95.01735955312208,REVIEW,95.01735955312208,1,0,20.552253671783937,40.120407136864465,highly unusual behavioral pattern; elevated transaction velocity,APPROVE,0
TX_0015305,CUST_00947,MER_0298,DEV_03046,IP_02833,2026-06-16 22:33:00,1488.11,Chennai,1900,678,4,1,0,0.723,1,0,0.18260584784117445,93.51488115054265,APPROVE,2.0,1.0,6.0,3.0,1,0,1,37.5,18.260584784117444,93.51488115054265,40.836873694045,271.7375882309301,14.8811,271.7375882309301,79.347517646186,88.58687941154652,VERIFY,79.347517646186,1,0,13.949941376283556,39.97474501247823,highly unusual behavioral pattern; elevated transaction velocity,APPROVE,0
TX_0007939,CUST_03573,MER_0269,DEV_01055,IP_05670,2026-06-16 03:46:00,3772.12,Mumbai,816,74,0,0,0,4.151,1,0,0.12806619618401924,94.28723616752114,APPROVE,1.0,1.0,4.0,4.0,0,0,0,28.0,12.806619618401923,94.28723616752114,37.25080458313769,483.08105994966263,37.7212,483.08105994966263,121.61621198993251,99.15405299748315,REVIEW,99.15405299748315,1,0,24.799485820724104,39.64937782360212,highly unusual behavioral pattern; transaction amount is significantly above normal customer behavior,APPROVE,0
TX_0001812,CUST_00408,MER_0021,DEV_03189,IP_05659,2026-06-09 08:06:00,1260.14,Bengaluru,938,574,4,1,0,0.635,1,0,0.20740486966103353,88.60110526666223,APPROVE,1.0,1.0,1.0,1.0,0,0,0,19.0,20.74048696610335,88.60110526666223,41.09867245627101,261.3591724546548,12.601400000000002,261.3591724546548,77.27183449093096,88.06795862273275,VERIFY,77.27183449093096,1,0,13.417154239250825,39.63400591090051,highly unusual behavioral pattern; elevated transaction velocity,APPROVE,0
TX_0019647,CUST_02615,MER_0252,DEV_02039,IP_00803,2026-05-26 14:15:00,12233.47,Kolkata,608,612,0,2,0,1.927,0,0,0.07701216655790323,86.41054664092151,APPROVE,2.0,2.0,8.0,10.0,1,1,3,59.0,7.701216655790323,86.41054664092151,31.31401565132968,942.1260292211124,122.3347,942.1260292211124,213.42520584422243,122.10630146105566,REVIEW,122.10630146105566,1,0,48.365053072953536,39.446782934762325,highly unusual behavioral pattern,APPROVE,0
TX_0015137,CUST_02383,MER_0292,DEV_04128,IP_01299,2026-06-02 01:56:00,1947.42,Ahmedabad,536,951,2,0,1,0.834,1,0,0.14332508331901112,98.04247952593381,APPROVE,2.0,1.0,6.0,3.0,1,0,1,37.5,14.332508331901112,98.04247952593381,39.44549969011092,279.1141337571086,19.4742,279.1141337571086,80.8228267514217,88.95570668785544,VERIFY,80.8228267514217,1,0,14.32862427517728,39.44472287876616,highly unusual behavioral pattern; unusual transaction location,APPROVE,0
TX_0016477,CUST_02931,MER_0102,DEV_01341,IP_01689,2026-06-28 10:34:00,900.39,Delhi,964,500,0,4,0,1.175,1,0,0.1768011468839808,96.36460483387708,APPROVE,2.0,1.0,6.0,3.0,1,0,1,37.5,17.68011468839808,96.36460483387708,41.28546173204178,159.18998464286747,9.0039,159.18998464286747,56.83799692857349,82.95949923214339,VERIFY,56.83799692857349,1,0,8.172189088438794,39.383876612049924,highly unusual behavioral pattern; multiple recent failed attempts,APPROVE,0
TX_0011233,CUST_01089,MER_0034,DEV_02711,IP_04752,2026-06-06 03:48:00,1278.36,Jaipur,741,187,4,1,0,0.798,1,0,0.19777193852181632,89.16039683068114,APPROVE,2.0,2.0,11.0,12.0,1,1,4,66.5,19.777193852181632,89.16039683068114,40.592154745731484,252.82373532874908,12.7836,252.82373532874908,75.5647470657498,87.64118676643747,VERIFY,75.5647470657498,1,0,12.978978393566381,39.232511654008434,highly unusual behavioral pattern; elevated transaction velocity,APPROVE,0
TX_0015594,CUST_01747,MER_0239,DEV_02182,IP_04469,2026-06-08 12:05:00,3620.86,Mumbai,1286,5,2,0,0,1.594,1,0,0.14294667566025546,88.74758639057194,APPROVE,1.0,1.0,7.0,7.0,0,0,0,37.0,14.294667566025545,88.74758639057194,36.63054321338946,517.5899000311925,36.208600000000004,517.5899000311925,128.51798000623847,100.87949500155965,REVIEW,100.87949500155965,1,0,26.571034244462165,39.08581654907679,highly unusual behavioral pattern; newly observed device,APPROVE,0
TX_0011580,CUST_03957,MER_0107,DEV_01500,IP_05049,2026-05-30 10:39:00,1465.54,Kolkata,692,2,2,0,0,1.565,1,0,0.19852117468904495,86.83001531393569,APPROVE,1.0,3.0,3.0,8.0,0,1,1,48.5,19.852117468904495,86.83001531393569,39.945486822413855,290.9407223537829,14.6554,290.9407223537829,83.18814447075657,89.54703611768916,VERIFY,83.18814447075657,1,0,14.935754921618527,38.96221431295666,highly unusual behavioral pattern; newly observed device,APPROVE,0
TX_0012281,CUST_00762,MER_0258,DEV_03786,IP_05266,2026-05-26 06:23:00,2275.63,Kolkata,707,943,4,1,0,0.856,1,0,0.16425124943467637,89.6397895998402,APPROVE,1.0,1.0,2.0,2.0,0,0,0,22.0,16.425124943467637,89.6397895998402,38.3895243403794,373.7750707510326,22.756300000000003,373.7750707510326,99.7550141502065,93.68875353755165,REVIEW,93.68875353755165,1,0,19.18814529428304,38.94212841054248,highly unusual behavioral pattern; elevated transaction velocity,APPROVE,0
TX_0011665,CUST_02102,MER_0243,DEV_00633,IP_04841,2026-05-28 08:03:00,213.77,Kochi,444,991,5,1,0,0.413,1,0,0.19990486894058856,95.0196417870697,APPROVE,2.0,2.0,7.0,10.0,1,1,3,57.5,19.990486894058858,95.0196417870697,42.49923336196211,42.73366383342962,2.1377,42.73366383342962,33.54673276668592,77.13668319167148,VERIFY,33.54673276668592,1,0,2.193778597768162,38.939891702703974,highly unusual behavioral pattern; elevated transaction velocity,APPROVE,0
TX_0002712,CUST_02822,MER_0100,DEV_04392,IP_04550,2026-06-25 05:45:00,3041.36,Chennai,430,1186,1,0,0,3.292,1,0,0.1320009445929777,93.90771689193687,APPROVE,2.0,4.0,11.0,14.0,1,1,4,82.5,13.20009445929777,93.90771689193687,37.4123811890895,401.4623928472987,30.413600000000002,401.4623928472987,105.29247856945972,95.07311964236496,REVIEW,95.07311964236496,1,0,20.609503754935005,38.89426304821695,highly unusual behavioral pattern,APPROVE,0
TX_0013673,CUST_02831,MER_0120,DEV_04418,IP_00331,2026-06-12 20:12:00,1707.61,Bengaluru,1232,1022,1,0,1,0.707,1,0,0.14083445833267105,97.82941607297423,APPROVE,1.0,3.0,4.0,9.0,0,1,1,51.5,14.083445833267106,97.82941607297423,39.207236905179236,240.4903293934524,17.0761,240.4903293934524,73.09806587869048,87.02451646967263,VERIFY,73.09806587869048,1,0,12.3458297339077,38.859713685307355,highly unusual behavioral pattern; unusual transaction location,APPROVE,0
TX_0014079,CUST_02920,MER_0243,DEV_04078,IP_04754,2026-05-29 07:13:00,1174.53,Hyderabad,1461,767,4,1,0,0.968,1,0,0.18357984663695154,91.5307277448565,APPROVE,1.0,1.0,2.0,2.0,0,0,0,22.0,18.357984663695152,91.5307277448565,40.309807588043554,215.6200372704987,11.7453,215.6200372704987,68.12400745409974,85.78100186352495,VERIFY,68.12400745409974,1,0,11.069086536969436,38.852027962698415,highly unusual behavioral pattern; elevated transaction velocity,APPROVE,0
TX_0001206,CUST_02755,MER_0259,DEV_00069,IP_02248,2026-05-31 17:20:00,2306.13,Pune,772,239,0,0,0,3.973,1,0,0.14745344471312744,93.15533657367334,APPROVE,3.0,3.0,13.0,12.0,1,1,4,85.5,14.745344471312743,93.15533657367334,38.268342102020924,340.0468124562846,23.061300000000003,340.0468124562846,93.00936249125691,92.00234062281424,REVIEW,92.00234062281424,1,0,17.456668876173246,38.81060698299302,highly unusual behavioral pattern,APPROVE,0
TX_0005460,CUST_03856,MER_0188,DEV_01362,IP_02751,2026-06-13 17:54:00,272.75,Bengaluru,1790,941,5,1,0,1.079,1,1,0.19564174240107504,94.93308475930488,APPROVE,3.0,2.0,9.0,4.0,1,1,2,59.5,19.564174240107505,94.93308475930488,42.17484739586671,53.36128523989322,2.7275,53.36128523989322,35.67225704797864,77.66806426199466,VERIFY,35.67225704797864,1,1,2.7393589738753956,38.80988434262029,highly unusual behavioral pattern; elevated transaction velocity,APPROVE,0
TX_0000735,CUST_01896,MER_0169,DEV_02499,IP_04033,2026-05-30 16:11:00,1293.14,Chennai,482,143,4,1,0,1.608,1,0,0.17514287567287096,92.14328517211531,APPROVE,1.0,1.0,5.0,5.0,0,0,0,31.0,17.514287567287095,92.14328517211531,39.90298684873556,226.48425824761637,12.931400000000002,226.48425824761637,70.29685164952326,86.32421291238083,VERIFY,70.29685164952326,1,0,11.62681300652574,38.72549193658328,highly unusual behavioral pattern; elevated transaction velocity,APPROVE,0
TX_0010789,CUST_00284,MER_0032,DEV_04725,IP_01540,2026-06-02 22:53:00,4148.52,Bengaluru,198,695,0,0,0,4.55,1,0,0.106584640433525,95.87855383181304,APPROVE,3.0,3.0,9.0,14.0,1,1,3,81.5,10.6584640433525,95.87855383181304,36.22449097989066,442.1685125312872,41.485200000000006,442.1685125312872,113.43370250625742,97.10842562656438,REVIEW,97.10842562656438,1,0,22.699196192939013,38.63263740980796,highly unusual behavioral pattern; transaction amount is significantly above normal customer behavior,APPROVE,0
TX_0018789,CUST_03086,MER_0005,DEV_03880,IP_02737,2026-06-06 18:35:00,1137.69,Kolkata,1503,345,0,0,0,3.357,1,0,0.165897960154953,94.40042612690593,APPROVE,2.0,2.0,4.0,10.0,1,1,3,53.0,16.5897960154953,94.40042612690593,39.93298504891848,188.7404502886885,11.376900000000001,188.7404502886885,62.74809005773769,84.43702251443443,VERIFY,62.74809005773769,1,0,9.689194027228352,38.5528646512651,highly unusual behavioral pattern,APPROVE,0
TX_0007776,CUST_00942,MER_0276,DEV_01929,IP_03945,2026-06-06 14:43:00,542.35,Chennai,892,393,5,1,0,1.157,1,0,0.19525431883455044,92.18323456954525,APPROVE,2.0,2.0,5.0,5.0,1,1,2,47.0,19.525431883455045,92.18323456954525,41.322772689282104,105.89617981991843,5.423500000000001,105.89617981991843,46.179235963983686,80.29480899099593,VERIFY,46.179235963983686,1,0,5.436294294350033,38.5049451714611,highly unusual behavioral pattern; elevated transaction velocity,APPROVE,0
TX_0003540,CUST_03869,MER_0268,DEV_03623,IP_05479,2026-06-10 20:43:00,1430.89,Hyderabad,1830,167,0,0,1,1.05,1,0,0.1349013501462684,99.24761968173647,APPROVE,2.0,1.0,15.0,5.0,1,0,2,51.5,13.490135014626839,99.24761968173647,39.217380414759724,193.028992910794,14.308900000000001,193.028992910794,63.60579858215879,84.65144964553971,VERIFY,63.60579858215879,1,0,9.9093509755458,38.50122360694352,highly unusual behavioral pattern; unusual transaction location,APPROVE,0
TX_0007843,CUST_00711,MER_0017,DEV_03213,IP_02364,2026-06-19 14:50:00,4576.14,Mumbai,572,152,0,0,0,5.201,1,0,0.09853923367938282,96.27804780611226,APPROVE,2.0,3.0,5.0,8.0,1,1,2,59.5,9.853923367938282,96.27804780611226,35.78116069939047,450.9293288095709,45.7614,450.9293288095709,115.18586576191416,97.54646644047857,REVIEW,97.54646644047857,1,0,23.1489421198315,38.440164449769114,highly unusual behavioral pattern; transaction amount is significantly above normal customer behavior,APPROVE,0
TX_0019389,CUST_03302,MER_0051,DEV_02721,IP_04821,2026-06-04 16:24:00,1065.93,Kochi,1851,932,0,0,1,1.139,1,0,0.14203457813271853,99.24761968173647,APPROVE,1.0,1.0,3.0,3.0,0,0,0,25.0,14.203457813271852,99.24761968173647,39.716706373811235,151.39891786900867,10.6593,151.39891786900867,55.27978357380172,82.56994589345044,VERIFY,55.27978357380172,1,0,7.772226295431013,38.430460070243065,highly unusual behavioral pattern; unusual transaction location,APPROVE,0
TX_0019751,CUST_01381,MER_0189,DEV_03395,IP_01203,2026-06-23 07:36:00,825.96,Kolkata,1064,797,4,1,0,1.26,1,0,0.19752482884940858,89.51994140755045,APPROVE,2.0,2.0,5.0,7.0,1,1,2,50.0,19.752482884940857,89.51994140755045,40.68272044172373,163.1476076364575,8.2596,163.1476076364575,57.629521527291494,83.15738038182289,VERIFY,57.629521527291494,1,0,8.375357921684987,38.407295449072556,highly unusual behavioral pattern; elevated transaction velocity,APPROVE,0
TX_0017592,CUST_03308,MER_0148,DEV_04007,IP_04010,2026-05-27 21:28:00,1032.24,Hyderabad,751,13,1,1,0,1.175,1,0,0.20528302879736904,86.37059724349157,APPROVE,2.0,1.0,8.0,3.0,1,0,1,40.5,20.528302879736906,86.37059724349157,40.280991188863304,211.9013536457962,10.3224,211.9013536457962,67.38027072915924,85.59506768228982,VERIFY,67.38027072915924,1,0,10.878183913231346,38.3509673955622,highly unusual behavioral pattern; newly observed device,APPROVE,0
TX_0017283,CUST_03758,MER_0254,DEV_02272,IP_00102,2026-06-06 06:05:00,2582.39,Mumbai,713,929,0,0,0,3.532,1,0,0.13739166790898044,92.38963978959984,APPROVE,2.0,3.0,13.0,15.0,1,1,4,79.5,13.739166790898045,92.38963978959984,37.33430869050858,354.798869291472,25.8239,354.798869291472,95.95977385829438,92.73994346457361,REVIEW,92.73994346457361,1,0,18.21398158130987,38.229271648590945,highly unusual behavioral pattern,APPROVE,0
TX_0001477,CUST_01282,MER_0012,DEV_03757,IP_04016,2026-06-06 01:58:00,707.29,Bengaluru,797,1161,4,1,0,1.267,1,0,0.18170046973534656,92.44290565283974,APPROVE,1.0,1.0,3.0,4.0,0,0,0,26.5,18.170046973534657,92.44290565283974,40.45190457732618,128.51492523911327,7.0729,128.51492523911327,50.70298504782265,81.42574626195567,VERIFY,50.70298504782265,1,0,6.5974519194582095,38.13738556651089,highly unusual behavioral pattern; elevated transaction velocity,APPROVE,0
TX_0015642,CUST_00417,MER_0042,DEV_02928,IP_01829,2026-06-06 02:04:00,1376.35,Mumbai,622,155,4,1,0,1.287,1,0,0.17105661852610737,90.45209401424862,APPROVE,1.0,2.0,5.0,7.0,0,1,1,42.0,17.105661852610737,90.45209401424862,39.1095915011021,235.43377690840788,13.763499999999999,235.43377690840788,72.08675538168157,86.7716888454204,VERIFY,72.08675538168157,1,0,12.086246173194978,38.10570836521895,highly unusual behavioral pattern; elevated transaction velocity,APPROVE,0
TX_0016472,CUST_01360,MER_0219,DEV_03790,IP_00463,2026-06-19 03:35:00,853.27,Pune,489,854,4,1,0,0.768,1,0,0.18469510237028308,90.771689193688,APPROVE,1.0,2.0,2.0,6.0,0,1,1,36.0,18.46951023702831,90.771689193688,40.16016392402622,157.59478999949144,8.5327,157.59478999949144,56.51895799989828,82.87973949997458,VERIFY,56.51895799989828,1,0,8.090298055609187,38.08432148774239,highly unusual behavioral pattern; elevated transaction velocity,APPROVE,0
TX_0006506,CUST_00195,MER_0137,DEV_04616,IP_05582,2026-05-29 15:07:00,803.28,Kochi,607,3,0,0,0,0.681,1,0,0.19699111148942358,88.64105466409214,APPROVE,3.0,2.0,11.0,7.0,1,1,3,67.0,19.699111148942357,88.64105466409214,40.38169420348729,158.23902003722418,8.0328,158.23902003722418,56.64780400744483,82.91195100186121,VERIFY,56.64780400744483,1,0,8.12337029753832,38.066546033206485,highly unusual behavioral pattern; newly observed device,APPROVE,0
TX_0013188,CUST_03413,MER_0210,DEV_01030,IP_01734,2026-06-10 00:53:00,482.25,Hyderabad,468,554,0,4,0,0.652,1,0,0.164375638182139,96.67754178041147,APPROVE,1.0,1.0,5.0,6.0,0,0,0,32.5,16.4375638182139,96.67754178041147,40.50955720687317,79.27015151333653,4.8225,79.27015151333653,40.854030302667304,78.96350757566682,VERIFY,40.854030302667304,1,0,4.069418491932772,38.03592814161694,highly unusual behavioral pattern; multiple recent failed attempts,APPROVE,0
TX_0007679,CUST_00068,MER_0047,DEV_04946,IP_03577,2026-06-15 01:31:00,4601.93,Hyderabad,1013,673,3,0,0,4.107,1,0,0.10517404491760488,92.6692855716093,APPROVE,1.0,1.0,4.0,4.0,0,0,0,28.0,10.517404491760487,92.6692855716093,35.16296881571513,484.00359252767345,46.0193,484.00359252767345,121.80071850553466,99.20017962638369,REVIEW,99.20017962638369,1,0,24.84684502290421,38.02885692194387,highly unusual behavioral pattern; transaction amount is significantly above normal customer behavior,APPROVE,0
TX_0002604,CUST_02760,MER_0043,DEV_02655,IP_01515,2026-06-12 12:12:00,880.5,Ahmedabad,919,855,4,1,0,0.761,1,0,0.1895387765724415,89.40675144816565,APPROVE,1.0,1.0,4.0,4.0,0,0,0,28.0,18.95387765724415,89.40675144816565,40.0897397945206,166.88889277203475,8.805,166.88889277203475,58.377778554406945,83.34444463860174,VERIFY,58.377778554406945,1,0,8.56742081829431,38.01244842673063,highly unusual behavioral pattern; elevated transaction velocity,APPROVE,0
TX_0015937,CUST_02526,MER_0022,DEV_04609,IP_02356,2026-06-24 14:24:00,4133.44,Delhi,705,752,6,0,0,2.431,1,0,0.1013407055993202,95.11285704773952,APPROVE,1.0,1.0,9.0,9.0,0,0,0,43.0,10.13407055993202,95.11285704773952,35.62770650627427,418.885726152454,41.334399999999995,418.885726152454,108.77714523049079,95.94428630762272,REVIEW,95.94428630762272,1,0,21.5039493109168,37.901682256471226,highly unusual behavioral pattern; elevated transaction velocity,APPROVE,0
TX_0018588,CUST_02239,MER_0182,DEV_01670,IP_04811,2026-06-26 22:25:00,1467.65,Ahmedabad,1116,191,2,0,1,0.737,1,0,0.13305630741979138,97.44989679738997,APPROVE,1.0,1.0,6.0,6.0,0,0,0,34.0,13.305630741979138,97.44989679738997,38.54891055860239,195.28008958465682,14.6765,195.28008958465682,64.05601791693135,84.76400447923285,VERIFY,64.05601791693135,1,0,10.024913444607117,37.89276709912798,highly unusual behavioral pattern; unusual transaction location,APPROVE,0
TX_0013707,CUST_03802,MER_0221,DEV_02129,IP_04116,2026-06-08 11:20:00,1636.13,Pune,939,448,2,0,1,1.094,1,0,0.12363118361198563,97.14361808376057,APPROVE,2.0,1.0,9.0,7.0,1,0,1,48.0,12.363118361198563,97.14361808376057,37.79726827796716,202.27668844307806,16.3613,202.27668844307806,65.4553376886156,85.11383442215391,VERIFY,65.4553376886156,1,0,10.384091372635991,37.40146288025465,highly unusual behavioral pattern; unusual transaction location,APPROVE,0
TX_0000731,CUST_02746,MER_0083,DEV_01648,IP_00407,2026-06-27 21:24:00,664.2,Bengaluru,785,1,1,0,0,0.344,1,0,0.20221064868559246,86.3572807776816,APPROVE,1.0,3.0,3.0,15.0,0,1,2,56.5,20.221064868559246,86.3572807776816,40.06192964129595,134.30831285697053,6.642,134.30831285697053,51.8616625713941,81.71541564284853,VERIFY,51.8616625713941,1,0,6.894861704263228,37.396689008436745,highly unusual behavioral pattern; newly observed device,APPROVE,0
TX_0017716,CUST_02747,MER_0127,DEV_04937,IP_05079,2026-06-29 02:33:00,1493.65,Kochi,817,871,0,0,1,0.979,1,0,0.12403738554090679,97.62301085291963,APPROVE,1.0,1.0,7.0,8.0,0,0,0,38.5,12.40373855409068,97.62301085291963,37.96952024373937,185.26844091317545,14.9365,185.26844091317545,62.053688182635085,84.26342204565879,VERIFY,62.053688182635085,1,0,9.510954691398402,37.39096347120091,highly unusual behavioral pattern; unusual transaction location,APPROVE,0
TX_0008228,CUST_00134,MER_0098,DEV_01865,IP_02912,2026-06-26 09:34:00,3330.19,Chennai,697,1009,1,0,0,3.507,1,0,0.11586558954342407,91.29768959318197,APPROVE,1.0,2.0,5.0,10.0,0,1,2,46.5,11.586558954342408,91.29768959318197,35.49989814599428,385.8544276416154,33.3019,385.8544276416154,102.17088552832307,94.29272138208079,REVIEW,94.29272138208079,1,0,19.808252072972913,37.14423676972037,highly unusual behavioral pattern,APPROVE,0
TX_0012687,CUST_00164,MER_0285,DEV_02175,IP_03924,2026-06-10 11:07:00,2573.43,Delhi,629,286,1,0,0,3.29,1,0,0.13069242051926908,90.18576469804914,APPROVE,2.0,3.0,7.0,8.0,1,1,2,62.5,13.069242051926908,90.18576469804914,36.20419884576358,336.3277957369026,25.734299999999998,336.3277957369026,92.2655591473805,91.81638978684515,REVIEW,91.81638978684515,1,0,17.265749152661506,37.0435002659105,highly unusual behavioral pattern,APPROVE,0
TX_0019346,CUST_01377,MER_0245,DEV_00081,IP_04974,2026-06-17 21:57:00,1303.32,Bengaluru,992,703,0,0,1,0.934,1,0,0.1218104475326981,97.62966908582462,APPROVE,1.0,1.0,6.0,6.0,0,0,0,34.0,12.18104475326981,97.62966908582462,37.815632053036246,158.75799247831608,13.033199999999999,158.75799247831608,56.75159849566321,82.93789962391581,VERIFY,56.75159849566321,1,0,8.150012306015213,37.00942556358533,highly unusual behavioral pattern; unusual transaction location,APPROVE,0
TX_0007465,CUST_03385,MER_0240,DEV_02782,IP_00362,2026-06-23 20:22:00,2158.11,Mumbai,1003,248,2,0,0,3.421,1,0,0.13603949697204398,90.62520806977828,APPROVE,1.0,3.0,2.0,8.0,0,1,1,47.0,13.6039496972044,90.62520806977828,36.710327208976565,293.5881988103379,21.581100000000003,293.5881988103379,83.71763976206756,89.6794099405169,VERIFY,83.71763976206756,1,0,15.071665973175541,37.003870464170795,highly unusual behavioral pattern,APPROVE,0
TX_0005193,CUST_01348,MER_0093,DEV_00427,IP_00731,2026-06-06 23:13:00,507.1,Ahmedabad,327,2,2,0,0,0.621,1,0,0.18720216516544796,88.74092815766696,APPROVE,2.0,2.0,4.0,7.0,1,1,2,48.5,18.720216516544795,88.74092815766696,39.726430008881444,94.93021795539866,5.071000000000001,94.93021795539866,43.98604359107973,79.74651089776994,VERIFY,43.98604359107973,1,0,4.873344846905132,36.95705567495351,highly unusual behavioral pattern; newly observed device,APPROVE,0
TX_0009276,CUST_00291,MER_0097,DEV_00072,IP_04494,2026-05-30 18:46:00,1156.11,Kolkata,1838,70,0,3,0,0.835,1,0,0.1189651412368872,98.60842932285772,APPROVE,2.0,1.0,12.0,4.0,1,0,2,48.0,11.89651412368872,98.60842932285772,37.91008868343942,137.53678943537764,11.5611,137.53678943537764,52.50735788707552,81.87683947176889,VERIFY,52.50735788707552,1,0,7.060599022006735,36.942905663103026,highly unusual behavioral pattern; multiple recent failed attempts,APPROVE,0
TX_0004617,CUST_02133,MER_0275,DEV_04182,IP_04760,2026-06-19 12:36:00,950.76,Hyderabad,659,529,4,1,0,0.963,1,0,0.17462778432504786,88.12837073040815,APPROVE,4.0,2.0,19.0,10.0,1,1,4,81.0,17.462778432504784,88.12837073040815,38.66245612187579,166.0291122248825,9.5076,166.0291122248825,58.2058224449765,83.30145561124414,VERIFY,58.2058224449765,1,0,8.523283059115224,36.87455704719788,highly unusual behavioral pattern; elevated transaction velocity,APPROVE,0
TX_0002557,CUST_00216,MER_0274,DEV_03344,IP_03965,2026-06-10 06:44:00,1232.1,Kolkata,1485,351,2,0,1,0.784,1,0,0.11681463189930888,98.5152140621879,APPROVE,2.0,1.0,9.0,5.0,1,0,1,45.0,11.681463189930888,98.5152140621879,37.73158845160799,143.92730796313845,12.321,143.92730796313845,53.785461592627684,82.19636539815693,VERIFY,53.785461592627684,1,0,7.388663164353347,36.873028446492484,highly unusual behavioral pattern; unusual transaction location,APPROVE,0
TX_0004285,CUST_00084,MER_0299,DEV_04835,IP_03775,2026-05-26 23:53:00,349.54,Jaipur,1354,507,4,1,1,0.788,2,0,0.12815206387706124,99.80025301285039,APPROVE,3.0,3.0,8.0,11.0,1,1,3,76.5,12.815206387706123,99.80025301285039,38.910720375249404,44.79427240758799,3.4954,44.79427240758799,33.9588544815176,77.2397136203794,VERIFY,33.9588544815176,1,0,2.2995621553396965,36.80759152877612,highly unusual behavioral pattern; elevated transaction velocity; unusual transaction location,APPROVE,0
TX_0012032,CUST_01661,MER_0220,DEV_02288,IP_00546,2026-06-09 10:06:00,1221.05,Ahmedabad,348,3,2,0,0,1.375,1,0,0.16281398514966702,88.62107996537719,APPROVE,2.0,2.0,6.0,9.0,1,1,2,54.5,16.281398514966703,88.62107996537719,37.98330295008985,198.8040165670009,12.2105,198.8040165670009,64.76080331340017,84.94020082835006,VERIFY,64.76080331340017,1,0,10.205818026626986,36.768186852421906,highly unusual behavioral pattern; newly observed device,APPROVE,0
TX_0008592,CUST_03140,MER_0274,DEV_01046,IP_01068,2026-06-02 14:16:00,2552.37,Bengaluru,785,505,2,0,0,3.165,1,0,0.1309705233790427,89.08715626872628,APPROVE,3.0,1.0,10.0,5.0,1,0,2,54.5,13.09705233790427,89.08715626872628,35.89408351715087,334.28523475696716,25.523699999999998,334.28523475696716,91.85704695139341,91.71426173784837,REVIEW,91.71426173784837,1,0,17.160892087751627,36.706851467120345,highly unusual behavioral pattern,APPROVE,0
TX_0014843,CUST_02944,MER_0256,DEV_02983,IP_02919,2026-05-31 11:56:00,771.75,Kolkata,402,1036,5,0,0,2.353,1,0,0.13894449378949952,95.46574339170384,APPROVE,2.0,2.0,7.0,3.0,1,1,2,47.0,13.894449378949952,95.46574339170384,38.365837582776116,107.23041308204625,7.7175,107.23041308204625,46.44608261640924,80.36152065410232,VERIFY,46.44608261640924,1,0,5.504788593979841,36.6879054257821,highly unusual behavioral pattern; elevated transaction velocity,APPROVE,0
TX_0016618,CUST_03350,MER_0067,DEV_03957,IP_00964,2026-06-20 02:14:00,2005.02,Hyderabad,206,1056,0,0,0,3.08,1,0,0.11670593177646012,94.78660363539517,APPROVE,2.0,2.0,8.0,8.0,1,1,2,56.0,11.670593177646012,94.78660363539517,36.60539631497076,233.99772733043807,20.0502,233.99772733043807,71.79954546608761,86.69988636652191,VERIFY,71.79954546608761,1,0,12.012525023476481,36.67378268413685,highly unusual behavioral pattern,APPROVE,0
TX_0017392,CUST_02473,MER_0059,DEV_01715,IP_02243,2026-06-08 00:32:00,1136.95,Pune,916,462,0,0,1,0.677,1,0,0.11850536155339343,97.84939077168919,APPROVE,2.0,1.0,7.0,5.0,1,0,1,42.0,11.850536155339343,97.84939077168919,37.65019254024429,134.73467081813067,11.3695,134.73467081813067,51.946934163626125,81.73673354090654,VERIFY,51.946934163626125,1,0,6.9167492487954965,36.66343515893553,highly unusual behavioral pattern; unusual transaction location,APPROVE,0
TX_0017186,CUST_01241,MER_0277,DEV_01069,IP_04369,2026-06-18 20:23:00,475.68,Pune,2008,4,0,0,0,0.494,1,0,0.15014932805742653,94.58019841534056,APPROVE,2.0,2.0,7.0,11.0,1,1,3,59.0,15.014932805742653,94.58019841534056,38.88451248862202,71.42303237035665,4.7568,71.42303237035665,39.284606474071325,78.57115161851783,VERIFY,39.284606474071325,1,0,3.6665781902655104,36.61484156552659,highly unusual behavioral pattern; newly observed device,APPROVE,0
TX_0006883,CUST_00966,MER_0173,DEV_04254,IP_04468,2026-05-30 16:24:00,1153.67,Pune,494,434,4,1,0,1.113,1,0,0.1574627261779191,89.40675144816565,APPROVE,1.0,1.0,2.0,2.0,0,0,0,22.0,15.74627261779191,89.40675144816565,37.844416266904034,181.66002330967993,11.536700000000002,181.66002330967993,61.332004661935976,84.083001165484,VERIFY,61.332004661935976,1,0,9.325712692462524,36.56030428183816,highly unusual behavioral pattern; elevated transaction velocity,APPROVE,0
TX_0015234,CUST_01182,MER_0087,DEV_04491,IP_02511,2026-06-10 18:35:00,1139.69,Pune,1429,726,1,0,1,0.891,1,0,0.11822190505532329,97.52313735934483,APPROVE,1.0,2.0,1.0,4.0,0,1,1,31.5,11.82219050553233,97.52313735934483,37.532474561676075,134.7363229725014,11.3969,134.7363229725014,51.947264594500275,81.73681614862508,VERIFY,51.947264594500275,1,0,6.916834063917196,36.551403273353046,highly unusual behavioral pattern; unusual transaction location,APPROVE,0
TX_0012149,CUST_03204,MER_0299,DEV_00711,IP_02976,2026-06-20 21:14:00,1181.4,Mumbai,945,12,2,1,0,1.064,1,0,0.16713456223673512,87.20287635661495,APPROVE,2.0,2.0,9.0,10.0,1,1,3,60.5,16.71345622367351,87.20287635661495,37.860282263555945,197.45277182647888,11.814000000000002,197.45277182647888,64.49055436529576,84.87263859132395,VERIFY,64.49055436529576,1,0,10.136450424456047,36.54488110371244,highly unusual behavioral pattern; newly observed device,APPROVE,0
TX_0000010,CUST_00225,MER_0105,DEV_00715,IP_05383,2026-06-25 03:46:00,1108.06,Jaipur,1786,1161,0,0,1,0.432,1,0,0.10841478548602365,99.60050602570078,APPROVE,2.0,1.0,6.0,2.0,1,0,1,36.0,10.841478548602366,99.60050602570078,37.469186791731886,120.13008720564336,11.0806,120.13008720564336,49.026017441128666,81.00650436028218,VERIFY,49.026017441128666,1,0,6.16700724017028,36.53429253004548,highly unusual behavioral pattern; unusual transaction location,APPROVE,0
TX_0000070,CUST_00230,MER_0026,DEV_00754,IP_04130,2026-06-25 23:00:00,482.69,Kochi,1069,286,0,1,1,1.207,1,0,0.12794569719650753,98.26220121179838,APPROVE,3.0,1.0,14.0,4.0,1,0,2,58.0,12.794569719650752,98.26220121179838,38.434859167295045,61.75810857978222,4.8269,61.75810857978222,37.35162171595644,78.08790542898912,VERIFY,37.35162171595644,1,0,3.1704189317598983,36.510029009716874,highly unusual behavioral pattern; unusual transaction location,APPROVE,0
TX_0009059,CUST_00867,MER_0205,DEV_00873,IP_04555,2026-06-19 18:17:00,736.74,Ahmedabad,1024,887,0,2,1,0.884,1,0,0.11575850260975268,99.43405020307611,APPROVE,1.0,1.0,2.0,2.0,0,0,0,22.0,11.575850260975267,99.43405020307611,37.93331024360552,85.2839192127092,7.3674,85.2839192127092,42.05678384254183,79.26419596063546,VERIFY,42.05678384254183,1,0,4.378141725266037,36.493768536463676,highly unusual behavioral pattern; unusual transaction location,APPROVE,0
TX_0012728,CUST_00082,MER_0142,DEV_00357,IP_03019,2026-06-07 05:25:00,643.79,Ahmedabad,1001,1033,4,1,0,0.478,1,0,0.15604688802407865,92.14328517211531,APPROVE,2.0,1.0,10.0,4.0,1,0,2,45.0,15.604688802407866,92.14328517211531,38.5662677133201,100.46142604102158,6.4379,100.46142604102158,45.092285208204316,80.02307130205108,VERIFY,45.092285208204316,1,0,5.157295363419221,36.47678902552237,highly unusual behavioral pattern; elevated transaction velocity,APPROVE,0
TX_0013825,CUST_02306,MER_0132,DEV_04112,IP_04747,2026-06-20 16:02:00,1085.77,Ahmedabad,693,407,4,1,0,1.471,1,0,0.1591275693532887,89.14708036487117,APPROVE,2.0,2.0,6.0,6.0,1,1,2,50.0,15.91275693532887,89.14708036487117,37.88305396419156,172.77594097672028,10.8577,172.77594097672028,59.55518819534405,83.63879704883603,VERIFY,59.55518819534405,1,0,8.869638770066691,36.47443033113912,highly unusual behavioral pattern; elevated transaction velocity,APPROVE,0
TX_0003420,CUST_02228,MER_0004,DEV_02626,IP_02845,2026-05-31 20:18:00,1067.37,Chennai,589,796,4,1,0,1.088,1,0,0.15949634605665358,89.04720687129635,APPROVE,2.0,2.0,10.0,8.0,1,1,3,59.0,15.949634605665358,89.04720687129635,37.87890628535465,170.24161489049033,10.673699999999998,170.24161489049033,59.04832297809806,83.51208074452452,VERIFY,59.04832297809806,1,0,8.739536414476307,36.43688664711684,highly unusual behavioral pattern; elevated transaction velocity,APPROVE,0
TX_0016476,CUST_02456,MER_0093,DEV_03672,IP_02155,2026-05-31 17:41:00,1501.78,Kolkata,1142,3,0,0,0,0.91,1,0,0.1503442001265181,88.44130767694254,APPROVE,2.0,1.0,5.0,2.0,1,0,1,34.5,15.034420012651811,88.44130767694254,37.056486311939025,225.78391286600237,15.0178,225.78391286600237,70.15678257320047,86.28919564330013,VERIFY,70.15678257320047,1,0,11.590860023060076,36.367774314020686,highly unusual behavioral pattern; newly observed device,APPROVE,0
TX_0004570,CUST_02429,MER_0155,DEV_02102,IP_01186,2026-06-16 02:20:00,686.54,Mumbai,804,4,2,0,0,1.427,1,0,0.18722036751155216,85.31859644450363,APPROVE,2.0,1.0,7.0,5.0,1,0,1,42.0,18.722036751155215,85.31859644450363,38.701004659159736,128.534271111381,6.8654,128.534271111381,50.70685422227619,81.42671355556905,VERIFY,50.70685422227619,1,0,6.598445060619743,36.276286321052645,highly unusual behavioral pattern; newly observed device,APPROVE,0
TX_0002492,CUST_01683,MER_0024,DEV_00721,IP_05703,2026-06-15 01:17:00,331.21,Jaipur,1106,229,2,1,1,0.632,1,0,0.1272040632056005,98.14901125241362,APPROVE,3.0,2.0,14.0,5.0,1,1,3,67.5,12.720406320560048,98.14901125241362,38.34898780011611,42.13125777432693,3.3121,42.13125777432693,33.42625155486539,77.10656288871635,VERIFY,33.42625155486539,1,0,2.162853434768412,36.237477222957786,highly unusual behavioral pattern; unusual transaction location,APPROVE,0
TX_0009864,CUST_00542,MER_0236,DEV_04458,IP_05307,2026-06-08 02:46:00,666.99,Kochi,614,531,1,1,1,0.7,1,0,0.1201163790093807,97.92928956654904,APPROVE,2.0,1.0,5.0,3.0,1,0,1,36.0,12.01163790093807,97.92928956654904,37.786933400621365,80.11642363546683,6.6699,80.11642363546683,41.02328472709336,79.00582118177334,VERIFY,41.02328472709336,1,0,4.112862781583521,36.207178376750456,highly unusual behavioral pattern; unusual transaction location,APPROVE,0
TX_0018245,CUST_00958,MER_0021,DEV_03055,IP_00688,2026-06-08 02:31:00,976.17,Pune,578,552,1,3,0,1.887,1,0,0.12711355837600655,95.19275584259937,APPROVE,1.0,2.0,6.0,10.0,0,1,2,48.0,12.711355837600655,95.19275584259937,37.45577583910027,124.08444227990631,9.7617,124.08444227990631,49.81688845598126,81.20422211399531,VERIFY,49.81688845598126,1,0,6.3700083112628025,36.187506333832694,highly unusual behavioral pattern; multiple recent failed attempts,APPROVE,0
TX_0012589,CUST_01090,MER_0059,DEV_00462,IP_01568,2026-06-27 18:22:00,1216.63,Ahmedabad,2141,1182,2,0,1,0.69,1,0,0.09986770823429925,99.62048072441574,APPROVE,2.0,2.0,6.0,3.0,1,1,2,45.5,9.986770823429925,99.62048072441574,36.87688379372567,121.5020498690955,12.166300000000001,121.5020498690955,49.30040997381909,81.07510249345478,VERIFY,49.30040997381909,1,0,6.237438419199302,36.12701731287954,highly unusual behavioral pattern; unusual transaction location,APPROVE,0
TX_0001572,CUST_00918,MER_0158,DEV_00702,IP_03625,2026-06-06 07:27:00,1476.8,Pune,1111,2,3,0,0,1.122,1,0,0.1503371316372948,87.10966109594513,APPROVE,2.0,2.0,11.0,14.0,1,1,4,68.5,15.033713163729482,87.10966109594513,36.656497543394174,222.01787600195698,14.768,222.01787600195698,69.40357520039139,86.10089380009786,VERIFY,69.40357520039139,1,0,11.397526469846564,35.92926020461759,highly unusual behavioral pattern; newly observed device,APPROVE,0
TX_0013010,CUST_00213,MER_0156,DEV_01980,IP_01855,2026-05-29 03:29:00,710.25,Delhi,451,1055,4,1,0,1.127,1,0,0.14349176491066698,92.34969039216992,APPROVE,1.0,2.0,3.0,6.0,0,1,1,37.5,14.349176491066698,92.34969039216992,37.749330661397664,101.91502602780122,7.1025,101.91502602780122,45.38300520556024,80.09575130139007,VERIFY,45.38300520556024,1,0,5.231917482251417,35.92587885963461,highly unusual behavioral pattern; elevated transaction velocity,APPROVE,0
TX_0016930,CUST_00005,MER_0184,DEV_03943,IP_03073,2026-06-27 08:44:00,4618.02,Delhi,691,355,2,0,0,3.13,1,0,0.09296973632682103,89.55989080498036,APPROVE,1.0,1.0,5.0,5.0,0,0,0,31.0,9.296973632682102,89.55989080498036,33.37584878437158,429.33610175198606,46.180200000000006,429.33610175198606,110.86722035039719,96.46680508759933,REVIEW,96.46680508759933,1,0,22.040430582877327,35.92454017441062,highly unusual behavioral pattern,APPROVE,0
TX_0014551,CUST_00339,MER_0141,DEV_01169,IP_00830,2026-06-08 11:38:00,703.55,Mumbai,512,300,4,1,0,0.693,1,0,0.15122995939363867,90.17910646514416,APPROVE,3.0,2.0,12.0,10.0,1,1,4,73.0,15.122995939363868,90.17910646514416,37.63982909709796,106.39783793139448,7.0355,106.39783793139448,46.27956758627889,80.31989189656973,VERIFY,46.27956758627889,1,0,5.4620474530925796,35.70763939984369,highly unusual behavioral pattern; elevated transaction velocity,APPROVE,0
TX_0016655,CUST_00466,MER_0014,DEV_01401,IP_03259,2026-06-12 10:42:00,688.57,Hyderabad,804,264,4,1,0,0.569,1,0,0.15528527662270503,89.47333377721553,APPROVE,1.0,1.0,3.0,4.0,0,0,0,26.5,15.528527662270502,89.47333377721553,37.71196949675401,106.92478292409601,6.885700000000001,106.92478292409601,46.38495658481919,80.34623914620481,VERIFY,46.38495658481919,1,0,5.489098741081732,35.70408371251625,highly unusual behavioral pattern; elevated transaction velocity,APPROVE,0
TX_0000116,CUST_03197,MER_0052,DEV_01382,IP_05396,2026-06-09 20:10:00,764.82,Hyderabad,546,205,4,0,1,0.442,2,0,0.09916768287913619,99.76030361542047,APPROVE,4.0,1.0,14.0,3.0,1,0,2,62.5,9.91676828791362,99.76030361542047,36.86982888616567,75.84542721962094,7.648200000000001,75.84542721962094,40.16908544392419,78.79227136098105,VERIFY,40.16908544392419,1,0,3.893606586637335,35.66519654591042,highly unusual behavioral pattern; elevated transaction velocity; unusual transaction location,APPROVE,0
TX_0013415,CUST_01636,MER_0201,DEV_00530,IP_01070,2026-06-29 00:54:00,422.61,Ahmedabad,374,1050,4,1,0,0.946,1,0,0.14462458758594574,92.63599440708435,APPROVE,4.0,3.0,11.0,15.0,1,1,4,90.5,14.462458758594574,92.63599440708435,37.91451945314151,61.11979695969653,4.226100000000001,61.11979695969653,37.2239593919393,78.05598984798483,VERIFY,37.2239593919393,1,0,3.1376505181666023,35.64955780505591,highly unusual behavioral pattern; elevated transaction velocity,APPROVE,0
TX_0000099,CUST_01400,MER_0236,DEV_02396,IP_00442,2026-06-25 12:39:00,1854.73,Bengaluru,359,161,1,0,0,3.229,1,0,0.11547140568603034,92.07670284306545,APPROVE,2.0,4.0,5.0,15.0,1,1,3,73.5,11.547140568603034,92.07670284306545,35.70600925094176,214.16828026805106,18.5473,214.16828026805106,67.83365605361021,85.70841401340256,VERIFY,67.83365605361021,1,0,10.994559029720262,35.5954929431652,highly unusual behavioral pattern,APPROVE,0
TX_0018149,CUST_02088,MER_0229,DEV_01628,IP_01691,2026-06-27 10:37:00,293.8,Mumbai,1344,4,2,0,0,0.466,1,0,0.1648643206068772,89.24695385844596,APPROVE,1.0,1.0,6.0,6.0,0,0,0,34.0,16.48643206068772,89.24695385844596,38.31458860001519,48.43713739430052,2.938,48.43713739430052,34.6874274788601,77.42185686971503,VERIFY,34.6874274788601,1,0,2.486572547745069,35.51461669742666,highly unusual behavioral pattern; newly observed device,APPROVE,0
TX_0010414,CUST_02747,MER_0184,DEV_04937,IP_05079,2026-06-15 23:59:00,1623.7,Kochi,817,33,6,0,0,1.064,1,0,0.1099510392440269,93.84779279579199,APPROVE,1.0,1.0,7.0,8.0,0,0,0,38.5,10.99510392440269,93.84779279579199,35.85091058581948,178.52750242052647,16.237000000000002,178.52750242052647,60.705500484105286,83.92637512102633,VERIFY,60.705500484105286,1,0,9.164901363238027,35.48487007358654,highly unusual behavioral pattern; elevated transaction velocity,APPROVE,0
TX_0002322,CUST_03113,MER_0049,DEV_02333,IP_02054,2026-06-15 12:29:00,4319.48,Ahmedabad,901,318,3,0,0,3.335,1,0,0.08728714086511805,90.82495505692789,APPROVE,1.0,1.0,5.0,5.0,0,0,0,31.0,8.728714086511804,90.82495505692789,33.35758637763663,377.03505922406003,43.194799999999994,377.03505922406003,100.40701184481199,93.85175296120302,REVIEW,93.85175296120302,1,0,19.355500309031477,35.48294362214057,highly unusual behavioral pattern,APPROVE,0
TX_0014625,CUST_00935,MER_0068,DEV_01993,IP_03976,2026-06-01 04:41:00,1187.08,Chennai,488,1,1,0,0,1.53,1,0,0.15140706210856356,86.43052133963646,APPROVE,2.0,5.0,5.0,15.0,1,1,3,73.5,15.140706210856356,86.43052133963646,36.527650749490384,179.7322952878336,11.8708,179.7322952878336,60.94645905756671,83.98661476439169,VERIFY,60.94645905756671,1,0,9.22675070097196,35.3448596475135,highly unusual behavioral pattern; newly observed device,APPROVE,0
TX_0011041,CUST_00324,MER_0039,DEV_04308,IP_04558,2026-05-26 21:55:00,439.38,Delhi,967,876,0,2,1,0.942,1,0,0.09933921720016528,99.43405020307611,APPROVE,2.0,1.0,9.0,3.0,1,0,1,42.0,9.933921720016528,99.43405020307611,36.7839602649344,43.64766525340862,4.3938,43.64766525340862,33.729533050681724,77.18238326267043,VERIFY,33.729533050681724,1,0,2.24069984377448,35.24531588968599,highly unusual behavioral pattern; unusual transaction location,APPROVE,0
TX_0019960,CUST_03443,MER_0169,DEV_02009,IP_00383,2026-06-23 05:45:00,1131.53,Bengaluru,663,1021,0,0,1,0.553,1,0,0.09215783999286567,98.26885944470337,APPROVE,1.0,3.0,6.0,21.0,0,1,2,61.0,9.215783999286566,98.26885944470337,35.931706632911606,104.2793606871273,11.3153,104.2793606871273,45.85587213742545,80.21396803435637,VERIFY,45.85587213742545,1,0,5.353293145096723,35.159208462073636,highly unusual behavioral pattern; unusual transaction location,APPROVE,0
TX_0002757,CUST_00008,MER_0013,DEV_00878,IP_01076,2026-06-22 10:51:00,4440.11,Delhi,788,1091,1,0,0,4.367,1,0,0.07300496032619383,93.54817231506757,APPROVE,1.0,3.0,5.0,13.0,0,1,2,59.0,7.300496032619383,93.54817231506757,33.17479891735384,324.15005439393644,44.4011,324.15005439393644,89.83001087878728,91.20750271969683,VERIFY,89.83001087878728,1,0,16.640591702284947,35.04281805128696,highly unusual behavioral pattern; transaction amount is significantly above normal customer behavior,APPROVE,0
TX_0012519,CUST_03285,MER_0147,DEV_02429,IP_02823,2026-05-31 22:05:00,5616.12,Chennai,294,1137,0,1,0,2.945,0,0,0.06761836913407986,92.24315866569013,APPROVE,1.0,2.0,4.0,7.0,0,1,1,40.5,6.761836913407985,92.24315866569013,32.40623343909263,379.7528752612886,56.1612,379.7528752612886,100.9505750522577,93.98764376306445,REVIEW,93.98764376306445,1,0,19.49502231862053,34.952870520135136,highly unusual behavioral pattern,APPROVE,0
TX_0003223,CUST_00060,MER_0052,DEV_03913,IP_01066,2026-06-26 14:59:00,383.11,Bengaluru,2110,829,3,1,1,0.934,1,0,0.0914147011930137,99.43405020307611,APPROVE,1.0,2.0,4.0,7.0,0,1,1,40.5,9.14147011930137,99.43405020307611,36.22924414443379,35.02188617405548,3.8311,35.02188617405548,32.004377234811095,76.75109430870278,VERIFY,32.004377234811095,1,0,1.7978861967368445,34.760527359920886,highly unusual behavioral pattern; unusual transaction location,APPROVE,0
TX_0009006,CUST_03410,MER_0032,DEV_01409,IP_02428,2026-06-08 12:04:00,803.21,Pune,1179,19,6,0,0,1.266,1,0,0.10581750676087844,95.0196417870697,APPROVE,1.0,1.0,5.0,6.0,0,0,0,32.5,10.581750676087843,95.0196417870697,35.9131180093824,84.99367960540518,8.0321,84.99367960540518,41.998735921081035,79.24968398027026,VERIFY,41.998735921081035,1,0,4.363241962839626,34.66941626673275,highly unusual behavioral pattern; elevated transaction velocity,APPROVE,0
TX_0014620,CUST_03183,MER_0023,DEV_03199,IP_01626,2026-06-21 21:11:00,547.01,Kolkata,198,6,2,0,0,0.714,1,0,0.1382511315594155,89.7929289566549,APPROVE,2.0,1.0,12.0,6.0,1,0,2,51.0,13.825113155941551,89.7929289566549,36.615457896155554,75.62475147431587,5.4701,75.62475147431587,40.12495029486317,78.7812375737158,VERIFY,40.12495029486317,1,0,3.882277959890426,34.62689085694533,highly unusual behavioral pattern; newly observed device,APPROVE,0
TX_0008489,CUST_02119,MER_0011,DEV_04755,IP_05959,2026-06-08 13:38:00,1413.64,Hyderabad,706,3,1,0,0,1.199,1,0,0.14385562208769562,84.07350689127105,APPROVE,1.0,2.0,8.0,10.0,0,1,2,51.0,14.385562208769562,84.07350689127105,35.29194561352001,203.36006160805005,14.136400000000002,203.36006160805005,65.67201232161,85.16800308040251,VERIFY,65.67201232161,1,0,10.439707499349954,34.50277467163609,highly unusual behavioral pattern; newly observed device,APPROVE,0
TX_0007019,CUST_00119,MER_0179,DEV_00846,IP_02762,2026-06-15 02:40:00,1033.17,Delhi,1853,77,5,0,0,0.897,1,0,0.10014765856033589,94.60683134696052,APPROVE,1.0,1.0,6.0,6.0,0,0,0,34.0,10.01476585603359,94.60683134696052,35.392385503311665,103.46955639478224,10.331700000000001,103.46955639478224,45.69391127895645,80.17347781973912,VERIFY,45.69391127895645,1,0,5.3117209707132655,34.4517765262476,highly unusual behavioral pattern; elevated transaction velocity,APPROVE,0
TX_0003335,CUST_01958,MER_0239,DEV_01824,IP_03885,2026-06-11 02:01:00,2220.33,Chennai,331,571,1,3,0,1.24,1,0,0.07835412589045712,95.19275584259937,APPROVE,3.0,2.0,8.0,9.0,1,1,2,65.5,7.8354125890457125,95.19275584259937,34.04261556511181,173.97201633835866,22.2033,173.97201633835866,59.794403267671726,83.69860081691795,VERIFY,59.794403267671726,1,0,8.931040585270457,34.26174116435676,highly unusual behavioral pattern; multiple recent failed attempts,APPROVE,0
TX_0000810,CUST_01939,MER_0004,DEV_00868,IP_02063,2026-06-02 23:57:00,690.05,Ahmedabad,1035,265,6,0,0,0.869,1,0,0.11166225896950813,92.95558958652373,APPROVE,0.0,2.0,0.0,2.0,0,1,1,19.0,11.166225896950813,92.95558958652373,35.703035003822684,77.05254180190907,6.9005,77.05254180190907,40.41050836038181,78.85262709009545,VERIFY,40.41050836038181,1,0,3.9555751121070832,34.26090484685394,highly unusual behavioral pattern; elevated transaction velocity,APPROVE,0
TX_0006983,CUST_01397,MER_0228,DEV_03068,IP_02179,2026-05-26 10:00:00,2395.78,Delhi,612,584,1,3,0,1.009,1,0,0.08076287343885498,94.06751448165657,APPROVE,2.0,1.0,4.0,1.0,1,0,1,31.5,8.076287343885499,94.06751448165657,33.87365548521682,193.49007692734,23.957800000000002,193.49007692734,63.69801538546799,84.674503846367,VERIFY,63.69801538546799,1,0,9.933021219483095,34.24500226033634,highly unusual behavioral pattern; multiple recent failed attempts,APPROVE,0
TX_0019148,CUST_00186,MER_0051,DEV_04388,IP_00431,2026-05-29 18:26:00,556.31,Delhi,279,1065,0,0,1,0.547,1,0,0.07856689613815393,99.24761968173647,APPROVE,1.0,3.0,3.0,12.0,0,1,2,54.5,7.8566896138153925,99.24761968173647,35.27396863419171,43.70754999061641,5.5630999999999995,43.70754999061641,33.74150999812328,77.18537749953082,VERIFY,33.74150999812328,1,0,2.243774091171836,34.151385529663,highly unusual behavioral pattern; unusual transaction location,APPROVE,0
